mtllib 3dpixelatedlogo.mtl
# Vertex Positions: 
g groupNumber_0
v 14.8437 1.67899 -0.8825
v 14.8437 2.4252 -0.8825
v 12.6171 2.4252 -0.8825
v 12.6171 2.05209 -0.8825
v 11.8749 2.05209 -0.8825
v 11.8749 1.67899 -0.8825
v 10.0195 1.67899 -0.8825
v 10.0195 3.17141 -0.8825
v 10.3906 3.17141 -0.8825
v 10.3906 3.54452 -0.8825
v 10.7616 3.54452 -0.8825
v 10.7616 3.91763 -0.8825
v 11.1327 3.91763 -0.8825
v 11.1327 4.29074 -0.8825
v 11.5038 4.29074 -0.8825
v 11.5038 5.03695 -0.8825
v 11.8749 5.03695 -0.8825
v 11.8749 5.78317 -0.8825
v 12.246 5.78317 -0.8825
v 12.246 6.15628 -0.8825
v 12.6171 6.15628 -0.8825
v 12.6171 8.02181 -0.8825
v 12.246 8.02181 -0.8825
v 12.246 7.6487 -0.8825
v 11.5038 7.6487 -0.8825
v 11.5038 7.2756 -0.8825
v 11.1327 7.2756 -0.8825
v 11.1327 6.90249 -0.8825
v 10.7616 6.90249 -0.8825
v 10.7616 6.52938 -0.8825
v 10.3906 6.52938 -0.8825
v 10.3906 6.15628 -0.8825
v 9.64837 6.15628 -0.8825
v 9.64837 5.78317 -0.8825
v 8.16401 5.78317 -0.8825
v 8.16401 7.6487 -0.8825
v 8.5351 7.6487 -0.8825
v 8.5351 10.2605 -0.8825
v 8.90619 10.2605 -0.8825
v 8.90619 11.7529 -0.8825
v 8.5351 11.7529 -0.8825
v 8.5351 12.126 -0.8825
v 8.16401 12.126 -0.8825
v 8.16401 11.3798 -0.8825
v 7.79292 11.3798 -0.8825
v 7.79292 11.0067 -0.8825
v 7.42183 11.0067 -0.8825
v 7.42183 9.88735 -0.8825
v 7.05073 9.88735 -0.8825
v 7.05073 9.51424 -0.8825
v 6.67964 9.51424 -0.8825
v 6.67964 8.76803 -0.8825
v 6.30855 8.76803 -0.8825
v 6.30855 8.39492 -0.8825
v 5.19528 8.39492 -0.8825
v 5.19528 9.14114 -0.8825
v 4.82418 9.14114 -0.8825
v 4.82418 11.3798 -0.8825
v 4.45309 11.3798 -0.8825
v 4.45309 12.8722 -0.8825
v 4.082 12.8722 -0.8825
v 4.082 13.9915 -0.8825
v 3.71091 13.9915 -0.8825
v 3.71091 14.3646 -0.8825
v 3.33982 14.3646 -0.8825
v 3.33982 14.7378 -0.8825
v 2.96873 14.7378 -0.8825
v 2.96873 12.8722 -0.8825
v 2.59764 12.8722 -0.8825
v 2.59764 10.6336 -0.8825
v 2.22655 10.6336 -0.8825
v 2.22655 10.2605 -0.8825
v 1.11327 10.2605 -0.8825
v 1.11327 10.6336 -0.8825
v 0.74218 10.6336 -0.8825
v 0.74218 11.3798 -0.8825
v 0.371091 11.3798 -0.8825
v 0.371091 11.7529 -0.8825
v 1.07829e-06 11.7529 -0.8825
v 1.07829e-06 12.126 -0.8825
v -0.371093 12.126 -0.8825
v -0.371093 12.4991 -0.8825
v -0.742184 12.4991 -0.8825
v -0.742184 13.2453 -0.8825
v -1.11328 13.2453 -0.8825
v -1.11328 13.6184 -0.8825
v -1.48437 13.6184 -0.8825
v -1.48437 13.9915 -0.8825
v -1.85546 13.9915 -0.8825
v -1.85546 14.3646 -0.8825
v -2.22655 14.3646 -0.8825
v -2.22655 14.7378 -0.8825
v -2.59764 14.7378 -0.8825
v -2.59764 12.8722 -0.8825
v -2.22655 12.8722 -0.8825
v -2.22655 11.7529 -0.8825
v -1.85546 11.7529 -0.8825
v -1.85546 10.6336 -0.8825
v -1.48437 10.6336 -0.8825
v -1.48437 10.2605 -0.8825
v -1.85546 10.2605 -0.8825
v -1.85546 9.88735 -0.8825
v -2.96873 9.88735 -0.8825
v -2.96873 10.2605 -0.8825
v -3.33982 10.2605 -0.8825
v -3.33982 10.6336 -0.8825
v -3.71091 10.6336 -0.8825
v -3.71091 11.0067 -0.8825
v -4.4531 11.0067 -0.8825
v -4.4531 11.3798 -0.8825
v -5.19528 11.3798 -0.8825
v -5.19528 11.7529 -0.8825
v -5.93746 11.7529 -0.8825
v -5.93746 12.126 -0.8825
v -6.67965 12.126 -0.8825
v -6.67965 12.4991 -0.8825
v -8.16401 12.4991 -0.8825
v -8.16401 12.126 -0.8825
v -7.79292 12.126 -0.8825
v -7.79292 11.3798 -0.8825
v -7.42183 11.3798 -0.8825
v -7.42183 11.0067 -0.8825
v -7.05073 11.0067 -0.8825
v -7.05073 10.6336 -0.8825
v -6.67965 10.6336 -0.8825
v -6.67965 10.2605 -0.8825
v -6.30855 10.2605 -0.8825
v -6.30855 9.88735 -0.8825
v -5.93746 9.88735 -0.8825
v -5.93746 9.14114 -0.8825
v -5.56637 9.14114 -0.8825
v -5.56637 8.02181 -0.8825
v -7.05073 8.02181 -0.8825
v -7.05073 8.39492 -0.8825
v -9.27728 8.39492 -0.8825
v -9.27728 8.76803 -0.8825
v -11.8749 8.76803 -0.8825
v -11.8749 8.39492 -0.8825
v -12.246 8.39492 -0.8825
v -12.246 8.02181 -0.8825
v -11.8749 8.02181 -0.8825
v -11.8749 7.6487 -0.8825
v -10.7616 7.6487 -0.8825
v -10.7616 7.2756 -0.8825
v -10.0195 7.2756 -0.8825
v -10.0195 6.90249 -0.8825
v -9.27728 6.90249 -0.8825
v -9.27728 6.52938 -0.8825
v -8.90619 6.52938 -0.8825
v -8.90619 6.15628 -0.8825
v -8.5351 6.15628 -0.8825
v -8.5351 5.78317 -0.8825
v -8.16401 5.78317 -0.8825
v -8.16401 5.41006 -0.8825
v -8.5351 5.41006 -0.8825
v -8.5351 5.03695 -0.8825
v -10.0195 5.03695 -0.8825
v -10.0195 4.66384 -0.8825
v -11.8749 4.66384 -0.8825
v -11.8749 4.29074 -0.8825
v -13.3593 4.29074 -0.8825
v -13.3593 3.91763 -0.8825
v -13.7304 3.91763 -0.8825
v -13.7304 3.54452 -0.8825
v -14.4726 3.54452 -0.8825
v -14.4726 2.79831 -0.8825
v -12.6171 2.79831 -0.8825
v -12.6171 2.6665 -0.8825
v -12.246 2.6665 -0.8825
v -12.246 2.79831 -0.8825
v -11.5038 2.79831 -0.8825
v -11.5038 2.4252 -0.8825
v -10.0195 2.4252 -0.8825
v -10.0195 0.932765 -0.8825
v -10.7616 0.932765 -0.8825
v -10.7616 0.559659 -0.8825
v -11.5038 0.559659 -0.8825
v -11.5038 0.186553 -0.8825
v -11.8749 0.186553 -0.8825
v -11.8749 -0.186553 -0.8825
v -12.6171 -0.186553 -0.8825
v -12.6171 -0.559659 -0.8825
v -12.9882 -0.559659 -0.8825
v -12.9882 -0.93277 -0.8825
v -13.7304 -0.93277 -0.8825
v -13.7304 -1.30588 -0.8825
v -14.1015 -1.30588 -0.8825
v -14.1015 -1.67899 -0.8825
v -14.4726 -1.67899 -0.8825
v -14.4726 -2.05209 -0.8825
v -14.8437 -2.05209 -0.8825
v -14.8437 -2.79831 -0.8825
v -13.3593 -2.79831 -0.8825
v -13.3593 -2.4252 -0.8825
v -12.9882 -2.4252 -0.8825
v -12.9882 -2.05209 -0.8825
v -11.5038 -2.05209 -0.8825
v -11.5038 -1.67899 -0.8825
v -10.0195 -1.67899 -0.8825
v -10.0195 -2.05209 -0.8825
v -9.64837 -2.05209 -0.8825
v -9.64837 -2.4252 -0.8825
v -10.0195 -2.4252 -0.8825
v -10.0195 -3.17142 -0.8825
v -10.3906 -3.17142 -0.8825
v -10.3906 -3.54453 -0.8825
v -10.7616 -3.54453 -0.8825
v -10.7616 -4.29074 -0.8825
v -11.1327 -4.29074 -0.8825
v -11.1327 -4.66384 -0.8825
v -11.5038 -4.66384 -0.8825
v -11.5038 -5.41006 -0.8825
v -11.8749 -5.41006 -0.8825
v -11.8749 -5.78317 -0.8825
v -12.246 -5.78317 -0.8825
v -12.246 -6.90249 -0.8825
v -12.6171 -6.90249 -0.8825
v -12.6171 -8.02181 -0.8825
v -11.8749 -8.02181 -0.8825
v -11.8749 -7.64871 -0.8825
v -11.5038 -7.64871 -0.8825
v -11.5038 -7.2756 -0.8825
v -11.1327 -7.2756 -0.8825
v -11.1327 -6.90249 -0.8825
v -10.7616 -6.90249 -0.8825
v -10.7616 -6.52938 -0.8825
v -10.3906 -6.52938 -0.8825
v -10.3906 -6.15628 -0.8825
v -9.64837 -6.15628 -0.8825
v -9.64837 -5.78317 -0.8825
v -9.27728 -5.78317 -0.8825
v -9.27728 -5.41006 -0.8825
v -8.16401 -5.41006 -0.8825
v -8.16401 -7.64871 -0.8825
v -8.5351 -7.64871 -0.8825
v -8.5351 -9.14114 -0.8825
v -8.90619 -9.14114 -0.8825
v -8.90619 -12.126 -0.8825
v -8.16401 -12.126 -0.8825
v -8.16401 -11.3798 -0.8825
v -7.79292 -11.3798 -0.8825
v -7.79292 -11.0067 -0.8825
v -7.42183 -11.0067 -0.8825
v -7.42183 -9.88735 -0.8825
v -7.05073 -9.88735 -0.8825
v -7.05073 -9.51424 -0.8825
v -6.67965 -9.51424 -0.8825
v -6.67965 -8.76803 -0.8825
v -6.30855 -8.76803 -0.8825
v -6.30855 -8.39492 -0.8825
v -5.93746 -8.39492 -0.8825
v -5.93746 -8.02181 -0.8825
v -5.56637 -8.02181 -0.8825
v -5.56637 -8.39492 -0.8825
v -5.19528 -8.39492 -0.8825
v -5.19528 -9.51424 -0.8825
v -4.82419 -9.51424 -0.8825
v -4.82419 -12.126 -0.8825
v -4.4531 -12.126 -0.8825
v -4.4531 -12.8722 -0.8825
v -4.08201 -12.8722 -0.8825
v -4.08201 -13.9915 -0.8825
v -3.71091 -13.9915 -0.8825
v -3.71091 -14.3646 -0.8825
v -2.96873 -14.3646 -0.8825
v -2.96873 -12.4991 -0.8825
v -2.59764 -12.4991 -0.8825
v -2.59764 -10.2605 -0.8825
v -2.22655 -10.2605 -0.8825
v -2.22655 -9.51424 -0.8825
v -1.85546 -9.51424 -0.8825
v -1.85546 -9.88735 -0.8825
v -1.48437 -9.88735 -0.8825
v -1.48437 -10.2605 -0.8825
v -1.11328 -10.2605 -0.8825
v -1.11328 -10.6336 -0.8825
v -0.742184 -10.6336 -0.8825
v -0.742184 -11.3798 -0.8825
v -0.371093 -11.3798 -0.8825
v -0.371093 -12.126 -0.8825
v 1.07829e-06 -12.126 -0.8825
v 1.07829e-06 -12.4991 -0.8825
v 0.371091 -12.4991 -0.8825
v 0.371091 -12.8722 -0.8825
v 0.74218 -12.8722 -0.8825
v 0.74218 -13.6184 -0.8825
v 1.11327 -13.6184 -0.8825
v 1.11327 -13.9915 -0.8825
v 1.48436 -13.9915 -0.8825
v 1.48436 -14.3646 -0.8825
v 1.85546 -14.3646 -0.8825
v 1.85546 -14.7378 -0.8825
v 2.59764 -14.7378 -0.8825
v 2.59764 -13.6184 -0.8825
v 2.22655 -13.6184 -0.8825
v 2.22655 -12.8722 -0.8825
v 1.85546 -12.8722 -0.8825
v 1.85546 -11.3798 -0.8825
v 1.48436 -11.3798 -0.8825
v 1.48436 -9.88735 -0.8825
v 1.85546 -9.88735 -0.8825
v 1.85546 -9.51424 -0.8825
v 2.59764 -9.51424 -0.8825
v 2.59764 -9.88735 -0.8825
v 3.33982 -9.88735 -0.8825
v 3.33982 -10.2605 -0.8825
v 3.71091 -10.2605 -0.8825
v 3.71091 -10.6336 -0.8825
v 4.082 -10.6336 -0.8825
v 4.082 -11.0067 -0.8825
v 4.82418 -11.0067 -0.8825
v 4.82418 -11.3798 -0.8825
v 5.19528 -11.3798 -0.8825
v 5.19528 -11.7529 -0.8825
v 5.56637 -11.7529 -0.8825
v 5.56637 -12.126 -0.8825
v 6.67964 -12.126 -0.8825
v 6.67964 -12.4991 -0.8825
v 8.16401 -12.4991 -0.8825
v 8.16401 -12.126 -0.8825
v 7.79292 -12.126 -0.8825
v 7.79292 -11.7529 -0.8825
v 7.42183 -11.7529 -0.8825
v 7.42183 -11.0067 -0.8825
v 7.05073 -11.0067 -0.8825
v 7.05073 -10.6336 -0.8825
v 6.67964 -10.6336 -0.8825
v 6.67964 -10.2605 -0.8825
v 6.30855 -10.2605 -0.8825
v 6.30855 -9.88735 -0.8825
v 5.93746 -9.88735 -0.8825
v 5.93746 -9.14114 -0.8825
v 5.56637 -9.14114 -0.8825
v 5.56637 -8.02181 -0.8825
v 7.42183 -8.02181 -0.8825
v 7.42183 -8.39492 -0.8825
v 8.16401 -8.39492 -0.8825
v 8.16401 -8.76803 -0.8825
v 10.7616 -8.76803 -0.8825
v 10.7616 -9.14114 -0.8825
v 11.5038 -9.14114 -0.8825
v 11.5038 -8.76803 -0.8825
v 12.6171 -8.76803 -0.8825
v 12.6171 -8.39492 -0.8825
v 12.246 -8.39492 -0.8825
v 12.246 -8.02181 -0.8825
v 11.5038 -8.02181 -0.8825
v 11.5038 -7.64871 -0.8825
v 10.7616 -7.64871 -0.8825
v 10.7616 -7.2756 -0.8825
v 10.0195 -7.2756 -0.8825
v 10.0195 -6.90249 -0.8825
v 9.27728 -6.90249 -0.8825
v 9.27728 -6.52938 -0.8825
v 8.90619 -6.52938 -0.8825
v 8.90619 -6.15628 -0.8825
v 8.5351 -6.15628 -0.8825
v 8.5351 -5.41006 -0.8825
v 9.27728 -5.41006 -0.8825
v 9.27728 -5.03695 -0.8825
v 11.1327 -5.03695 -0.8825
v 11.1327 -4.66384 -0.8825
v 12.9882 -4.66384 -0.8825
v 12.9882 -4.29074 -0.8825
v 14.1015 -4.29074 -0.8825
v 14.1015 -3.91763 -0.8825
v 14.4726 -3.91763 -0.8825
v 14.4726 -3.54453 -0.8825
v 14.8437 -3.54453 -0.8825
v 14.8437 -3.17142 -0.8825
v 14.1015 -3.17142 -0.8825
v 14.1015 -2.79831 -0.8825
v 10.3906 -2.79831 -0.8825
v 10.3906 -2.4252 -0.8825
v 10.0195 -2.4252 -0.8825
v 10.0195 -1.30588 -0.8825
v 10.3906 -1.30588 -0.8825
v 10.3906 -0.93277 -0.8825
v 11.1327 -0.93277 -0.8825
v 11.1327 -0.559659 -0.8825
v 11.5038 -0.559659 -0.8825
v 11.5038 -0.186553 -0.8825
v 12.246 -0.186553 -0.8825
v 12.246 0.186553 -0.8825
v 12.9882 0.186553 -0.8825
v 12.9882 0.559659 -0.8825
v 13.3593 0.559659 -0.8825
v 13.3593 0.932765 -0.8825
v 14.1015 0.932765 -0.8825
v 14.1015 1.30588 -0.8825
v 14.4726 1.30588 -0.8825
v 14.4726 1.67899 -0.8825
v 14.8437 1.67899 0.8825
v 14.8437 2.4252 0.8825
v 12.6171 2.4252 0.8825
v 12.6171 2.05209 0.8825
v 11.8749 2.05209 0.8825
v 11.8749 1.67899 0.8825
v 10.0195 1.67899 0.8825
v 10.0195 3.17141 0.8825
v 10.3906 3.17141 0.8825
v 10.3906 3.54452 0.8825
v 10.7616 3.54452 0.8825
v 10.7616 3.91763 0.8825
v 11.1327 3.91763 0.8825
v 11.1327 4.29074 0.8825
v 11.5038 4.29074 0.8825
v 11.5038 5.03695 0.8825
v 11.8749 5.03695 0.8825
v 11.8749 5.78317 0.8825
v 12.246 5.78317 0.8825
v 12.246 6.15628 0.8825
v 12.6171 6.15628 0.8825
v 12.6171 8.02181 0.8825
v 12.246 8.02181 0.8825
v 12.246 7.6487 0.8825
v 11.5038 7.6487 0.8825
v 11.5038 7.2756 0.8825
v 11.1327 7.2756 0.8825
v 11.1327 6.90249 0.8825
v 10.7616 6.90249 0.8825
v 10.7616 6.52938 0.8825
v 10.3906 6.52938 0.8825
v 10.3906 6.15628 0.8825
v 9.64837 6.15628 0.8825
v 9.64837 5.78317 0.8825
v 8.16401 5.78317 0.8825
v 8.16401 7.6487 0.8825
v 8.5351 7.6487 0.8825
v 8.5351 10.2605 0.8825
v 8.90619 10.2605 0.8825
v 8.90619 11.7529 0.8825
v 8.5351 11.7529 0.8825
v 8.5351 12.126 0.8825
v 8.16401 12.126 0.8825
v 8.16401 11.3798 0.8825
v 7.79292 11.3798 0.8825
v 7.79292 11.0067 0.8825
v 7.42183 11.0067 0.8825
v 7.42183 9.88735 0.8825
v 7.05073 9.88735 0.8825
v 7.05073 9.51424 0.8825
v 6.67964 9.51424 0.8825
v 6.67964 8.76803 0.8825
v 6.30855 8.76803 0.8825
v 6.30855 8.39492 0.8825
v 5.19528 8.39492 0.8825
v 5.19528 9.14114 0.8825
v 4.82418 9.14114 0.8825
v 4.82418 11.3798 0.8825
v 4.45309 11.3798 0.8825
v 4.45309 12.8722 0.8825
v 4.082 12.8722 0.8825
v 4.082 13.9915 0.8825
v 3.71091 13.9915 0.8825
v 3.71091 14.3646 0.8825
v 3.33982 14.3646 0.8825
v 3.33982 14.7378 0.8825
v 2.96873 14.7378 0.8825
v 2.96873 12.8722 0.8825
v 2.59764 12.8722 0.8825
v 2.59764 10.6336 0.8825
v 2.22655 10.6336 0.8825
v 2.22655 10.2605 0.8825
v 1.11327 10.2605 0.8825
v 1.11327 10.6336 0.8825
v 0.74218 10.6336 0.8825
v 0.74218 11.3798 0.8825
v 0.371091 11.3798 0.8825
v 0.371091 11.7529 0.8825
v 1.07829e-06 11.7529 0.8825
v 1.07829e-06 12.126 0.8825
v -0.371093 12.126 0.8825
v -0.371093 12.4991 0.8825
v -0.742184 12.4991 0.8825
v -0.742184 13.2453 0.8825
v -1.11328 13.2453 0.8825
v -1.11328 13.6184 0.8825
v -1.48437 13.6184 0.8825
v -1.48437 13.9915 0.8825
v -1.85546 13.9915 0.8825
v -1.85546 14.3646 0.8825
v -2.22655 14.3646 0.8825
v -2.22655 14.7378 0.8825
v -2.59764 14.7378 0.8825
v -2.59764 12.8722 0.8825
v -2.22655 12.8722 0.8825
v -2.22655 11.7529 0.8825
v -1.85546 11.7529 0.8825
v -1.85546 10.6336 0.8825
v -1.48437 10.6336 0.8825
v -1.48437 10.2605 0.8825
v -1.85546 10.2605 0.8825
v -1.85546 9.88735 0.8825
v -2.96873 9.88735 0.8825
v -2.96873 10.2605 0.8825
v -3.33982 10.2605 0.8825
v -3.33982 10.6336 0.8825
v -3.71091 10.6336 0.8825
v -3.71091 11.0067 0.8825
v -4.4531 11.0067 0.8825
v -4.4531 11.3798 0.8825
v -5.19528 11.3798 0.8825
v -5.19528 11.7529 0.8825
v -5.93746 11.7529 0.8825
v -5.93746 12.126 0.8825
v -6.67965 12.126 0.8825
v -6.67965 12.4991 0.8825
v -8.16401 12.4991 0.8825
v -8.16401 12.126 0.8825
v -7.79292 12.126 0.8825
v -7.79292 11.3798 0.8825
v -7.42183 11.3798 0.8825
v -7.42183 11.0067 0.8825
v -7.05073 11.0067 0.8825
v -7.05073 10.6336 0.8825
v -6.67965 10.6336 0.8825
v -6.67965 10.2605 0.8825
v -6.30855 10.2605 0.8825
v -6.30855 9.88735 0.8825
v -5.93746 9.88735 0.8825
v -5.93746 9.14114 0.8825
v -5.56637 9.14114 0.8825
v -5.56637 8.02181 0.8825
v -7.05073 8.02181 0.8825
v -7.05073 8.39492 0.8825
v -9.27728 8.39492 0.8825
v -9.27728 8.76803 0.8825
v -11.8749 8.76803 0.8825
v -11.8749 8.39492 0.8825
v -12.246 8.39492 0.8825
v -12.246 8.02181 0.8825
v -11.8749 8.02181 0.8825
v -11.8749 7.6487 0.8825
v -10.7616 7.6487 0.8825
v -10.7616 7.2756 0.8825
v -10.0195 7.2756 0.8825
v -10.0195 6.90249 0.8825
v -9.27728 6.90249 0.8825
v -9.27728 6.52938 0.8825
v -8.90619 6.52938 0.8825
v -8.90619 6.15628 0.8825
v -8.5351 6.15628 0.8825
v -8.5351 5.78317 0.8825
v -8.16401 5.78317 0.8825
v -8.16401 5.41006 0.8825
v -8.5351 5.41006 0.8825
v -8.5351 5.03695 0.8825
v -10.0195 5.03695 0.8825
v -10.0195 4.66384 0.8825
v -11.8749 4.66384 0.8825
v -11.8749 4.29074 0.8825
v -13.3593 4.29074 0.8825
v -13.3593 3.91763 0.8825
v -13.7304 3.91763 0.8825
v -13.7304 3.54452 0.8825
v -14.4726 3.54452 0.8825
v -14.4726 2.79831 0.8825
v -12.6171 2.79831 0.8825
v -12.6171 2.6665 0.8825
v -12.246 2.6665 0.8825
v -12.246 2.79831 0.8825
v -11.5038 2.79831 0.8825
v -11.5038 2.4252 0.8825
v -10.0195 2.4252 0.8825
v -10.0195 0.932765 0.8825
v -10.7616 0.932765 0.8825
v -10.7616 0.559659 0.8825
v -11.5038 0.559659 0.8825
v -11.5038 0.186553 0.8825
v -11.8749 0.186553 0.8825
v -11.8749 -0.186553 0.8825
v -12.6171 -0.186553 0.8825
v -12.6171 -0.559659 0.8825
v -12.9882 -0.559659 0.8825
v -12.9882 -0.93277 0.8825
v -13.7304 -0.93277 0.8825
v -13.7304 -1.30588 0.8825
v -14.1015 -1.30588 0.8825
v -14.1015 -1.67899 0.8825
v -14.4726 -1.67899 0.8825
v -14.4726 -2.05209 0.8825
v -14.8437 -2.05209 0.8825
v -14.8437 -2.79831 0.8825
v -13.3593 -2.79831 0.8825
v -13.3593 -2.4252 0.8825
v -12.9882 -2.4252 0.8825
v -12.9882 -2.05209 0.8825
v -11.5038 -2.05209 0.8825
v -11.5038 -1.67899 0.8825
v -10.0195 -1.67899 0.8825
v -10.0195 -2.05209 0.8825
v -9.64837 -2.05209 0.8825
v -9.64837 -2.4252 0.8825
v -10.0195 -2.4252 0.8825
v -10.0195 -3.17142 0.8825
v -10.3906 -3.17142 0.8825
v -10.3906 -3.54453 0.8825
v -10.7616 -3.54453 0.8825
v -10.7616 -4.29074 0.8825
v -11.1327 -4.29074 0.8825
v -11.1327 -4.66384 0.8825
v -11.5038 -4.66384 0.8825
v -11.5038 -5.41006 0.8825
v -11.8749 -5.41006 0.8825
v -11.8749 -5.78317 0.8825
v -12.246 -5.78317 0.8825
v -12.246 -6.90249 0.8825
v -12.6171 -6.90249 0.8825
v -12.6171 -8.02181 0.8825
v -11.8749 -8.02181 0.8825
v -11.8749 -7.64871 0.8825
v -11.5038 -7.64871 0.8825
v -11.5038 -7.2756 0.8825
v -11.1327 -7.2756 0.8825
v -11.1327 -6.90249 0.8825
v -10.7616 -6.90249 0.8825
v -10.7616 -6.52938 0.8825
v -10.3906 -6.52938 0.8825
v -10.3906 -6.15628 0.8825
v -9.64837 -6.15628 0.8825
v -9.64837 -5.78317 0.8825
v -9.27728 -5.78317 0.8825
v -9.27728 -5.41006 0.8825
v -8.16401 -5.41006 0.8825
v -8.16401 -7.64871 0.8825
v -8.5351 -7.64871 0.8825
v -8.5351 -9.14114 0.8825
v -8.90619 -9.14114 0.8825
v -8.90619 -12.126 0.8825
v -8.16401 -12.126 0.8825
v -8.16401 -11.3798 0.8825
v -7.79292 -11.3798 0.8825
v -7.79292 -11.0067 0.8825
v -7.42183 -11.0067 0.8825
v -7.42183 -9.88735 0.8825
v -7.05073 -9.88735 0.8825
v -7.05073 -9.51424 0.8825
v -6.67965 -9.51424 0.8825
v -6.67965 -8.76803 0.8825
v -6.30855 -8.76803 0.8825
v -6.30855 -8.39492 0.8825
v -5.93746 -8.39492 0.8825
v -5.93746 -8.02181 0.8825
v -5.56637 -8.02181 0.8825
v -5.56637 -8.39492 0.8825
v -5.19528 -8.39492 0.8825
v -5.19528 -9.51424 0.8825
v -4.82419 -9.51424 0.8825
v -4.82419 -12.126 0.8825
v -4.4531 -12.126 0.8825
v -4.4531 -12.8722 0.8825
v -4.08201 -12.8722 0.8825
v -4.08201 -13.9915 0.8825
v -3.71091 -13.9915 0.8825
v -3.71091 -14.3646 0.8825
v -2.96873 -14.3646 0.8825
v -2.96873 -12.4991 0.8825
v -2.59764 -12.4991 0.8825
v -2.59764 -10.2605 0.8825
v -2.22655 -10.2605 0.8825
v -2.22655 -9.51424 0.8825
v -1.85546 -9.51424 0.8825
v -1.85546 -9.88735 0.8825
v -1.48437 -9.88735 0.8825
v -1.48437 -10.2605 0.8825
v -1.11328 -10.2605 0.8825
v -1.11328 -10.6336 0.8825
v -0.742184 -10.6336 0.8825
v -0.742184 -11.3798 0.8825
v -0.371093 -11.3798 0.8825
v -0.371093 -12.126 0.8825
v 1.07829e-06 -12.126 0.8825
v 1.07829e-06 -12.4991 0.8825
v 0.371091 -12.4991 0.8825
v 0.371091 -12.8722 0.8825
v 0.74218 -12.8722 0.8825
v 0.74218 -13.6184 0.8825
v 1.11327 -13.6184 0.8825
v 1.11327 -13.9915 0.8825
v 1.48436 -13.9915 0.8825
v 1.48436 -14.3646 0.8825
v 1.85546 -14.3646 0.8825
v 1.85546 -14.7378 0.8825
v 2.59764 -14.7378 0.8825
v 2.59764 -13.6184 0.8825
v 2.22655 -13.6184 0.8825
v 2.22655 -12.8722 0.8825
v 1.85546 -12.8722 0.8825
v 1.85546 -11.3798 0.8825
v 1.48436 -11.3798 0.8825
v 1.48436 -9.88735 0.8825
v 1.85546 -9.88735 0.8825
v 1.85546 -9.51424 0.8825
v 2.59764 -9.51424 0.8825
v 2.59764 -9.88735 0.8825
v 3.33982 -9.88735 0.8825
v 3.33982 -10.2605 0.8825
v 3.71091 -10.2605 0.8825
v 3.71091 -10.6336 0.8825
v 4.082 -10.6336 0.8825
v 4.082 -11.0067 0.8825
v 4.82418 -11.0067 0.8825
v 4.82418 -11.3798 0.8825
v 5.19528 -11.3798 0.8825
v 5.19528 -11.7529 0.8825
v 5.56637 -11.7529 0.8825
v 5.56637 -12.126 0.8825
v 6.67964 -12.126 0.8825
v 6.67964 -12.4991 0.8825
v 8.16401 -12.4991 0.8825
v 8.16401 -12.126 0.8825
v 7.79292 -12.126 0.8825
v 7.79292 -11.7529 0.8825
v 7.42183 -11.7529 0.8825
v 7.42183 -11.0067 0.8825
v 7.05073 -11.0067 0.8825
v 7.05073 -10.6336 0.8825
v 6.67964 -10.6336 0.8825
v 6.67964 -10.2605 0.8825
v 6.30855 -10.2605 0.8825
v 6.30855 -9.88735 0.8825
v 5.93746 -9.88735 0.8825
v 5.93746 -9.14114 0.8825
v 5.56637 -9.14114 0.8825
v 5.56637 -8.02181 0.8825
v 7.42183 -8.02181 0.8825
v 7.42183 -8.39492 0.8825
v 8.16401 -8.39492 0.8825
v 8.16401 -8.76803 0.8825
v 10.7616 -8.76803 0.8825
v 10.7616 -9.14114 0.8825
v 11.5038 -9.14114 0.8825
v 11.5038 -8.76803 0.8825
v 12.6171 -8.76803 0.8825
v 12.6171 -8.39492 0.8825
v 12.246 -8.39492 0.8825
v 12.246 -8.02181 0.8825
v 11.5038 -8.02181 0.8825
v 11.5038 -7.64871 0.8825
v 10.7616 -7.64871 0.8825
v 10.7616 -7.2756 0.8825
v 10.0195 -7.2756 0.8825
v 10.0195 -6.90249 0.8825
v 9.27728 -6.90249 0.8825
v 9.27728 -6.52938 0.8825
v 8.90619 -6.52938 0.8825
v 8.90619 -6.15628 0.8825
v 8.5351 -6.15628 0.8825
v 8.5351 -5.41006 0.8825
v 9.27728 -5.41006 0.8825
v 9.27728 -5.03695 0.8825
v 11.1327 -5.03695 0.8825
v 11.1327 -4.66384 0.8825
v 12.9882 -4.66384 0.8825
v 12.9882 -4.29074 0.8825
v 14.1015 -4.29074 0.8825
v 14.1015 -3.91763 0.8825
v 14.4726 -3.91763 0.8825
v 14.4726 -3.54453 0.8825
v 14.8437 -3.54453 0.8825
v 14.8437 -3.17142 0.8825
v 14.1015 -3.17142 0.8825
v 14.1015 -2.79831 0.8825
v 10.3906 -2.79831 0.8825
v 10.3906 -2.4252 0.8825
v 10.0195 -2.4252 0.8825
v 10.0195 -1.30588 0.8825
v 10.3906 -1.30588 0.8825
v 10.3906 -0.93277 0.8825
v 11.1327 -0.93277 0.8825
v 11.1327 -0.559659 0.8825
v 11.5038 -0.559659 0.8825
v 11.5038 -0.186553 0.8825
v 12.246 -0.186553 0.8825
v 12.246 0.186553 0.8825
v 12.9882 0.186553 0.8825
v 12.9882 0.559659 0.8825
v 13.3593 0.559659 0.8825
v 13.3593 0.932765 0.8825
v 14.1015 0.932765 0.8825
v 14.1015 1.30588 0.8825
v 14.4726 1.30588 0.8825
v 14.4726 1.67899 0.8825
v 14.8437 2.05209 0
v 13.7304 2.4252 0
v 12.6171 2.23865 0
v 12.246 2.05209 0
v 11.8749 1.86554 0
v 10.9472 1.67899 0
v 10.0195 2.4252 0
v 10.205 3.17141 0
v 10.3906 3.35797 0
v 10.5761 3.54452 0
v 10.7616 3.73108 0
v 10.9472 3.91763 0
v 11.1327 4.10419 0
v 11.3183 4.29074 0
v 11.5038 4.66384 0
v 11.6894 5.03695 0
v 11.8749 5.41006 0
v 12.0605 5.78317 0
v 12.246 5.96972 0
v 12.4316 6.15628 0
v 12.6171 7.08905 0
v 12.4316 8.02181 0
v 12.246 7.83526 0
v 11.8749 7.6487 0
v 11.5038 7.46215 0
v 11.3183 7.2756 0
v 11.1327 7.08904 0
v 10.9472 6.90249 0
v 10.7616 6.71594 0
v 10.5761 6.52938 0
v 10.3906 6.34283 0
v 10.0195 6.15628 0
v 9.64837 5.96972 0
v 8.90619 5.78317 0
v 8.16401 6.71594 0
v 8.34955 7.6487 0
v 8.5351 8.95458 0
v 8.72064 10.2605 0
v 8.90619 11.0067 0
v 8.72064 11.7529 0
v 8.5351 11.9394 0
v 8.34955 12.126 0
v 8.16401 11.7529 0
v 7.97846 11.3798 0
v 7.79292 11.1932 0
v 7.60737 11.0067 0
v 7.42183 10.447 0
v 7.23628 9.88735 0
v 7.05073 9.7008 0
v 6.86519 9.51424 0
v 6.67964 9.14114 0
v 6.49409 8.76803 0
v 6.30855 8.58147 0
v 5.75191 8.39492 0
v 5.19528 8.76803 0
v 5.00973 9.14114 0
v 4.82418 10.2605 0
v 4.63864 11.3798 0
v 4.45309 12.126 0
v 4.26755 12.8722 0
v 4.082 13.4319 0
v 3.89646 13.9915 0
v 3.71091 14.1781 0
v 3.52537 14.3646 0
v 3.33982 14.5512 0
v 3.15427 14.7378 0
v 2.96873 13.805 0
v 2.78318 12.8722 0
v 2.59764 11.7529 0
v 2.41209 10.6336 0
v 2.22655 10.447 0
v 1.66991 10.2605 0
v 1.11327 10.447 0
v 0.927725 10.6336 0
v 0.74218 11.0067 0
v 0.556635 11.3798 0
v 0.371091 11.5663 0
v 0.185546 11.7529 0
v 1.07829e-06 11.9394 0
v -0.185546 12.126 0
v -0.371093 12.3126 0
v -0.556639 12.4991 0
v -0.742184 12.8722 0
v -0.92773 13.2453 0
v -1.11328 13.4319 0
v -1.29882 13.6184 0
v -1.48437 13.805 0
v -1.66991 13.9915 0
v -1.85546 14.1781 0
v -2.041 14.3646 0
v -2.22655 14.5512 0
v -2.41209 14.7378 0
v -2.59764 13.805 0
v -2.41209 12.8722 0
v -2.22655 12.3125 0
v -2.041 11.7529 0
v -1.85546 11.1932 0
v -1.66991 10.6336 0
v -1.48437 10.447 0
v -1.66991 10.2605 0
v -1.85546 10.0739 0
v -2.41209 9.88735 0
v -2.96873 10.0739 0
v -3.15428 10.2605 0
v -3.33982 10.447 0
v -3.52537 10.6336 0
v -3.71091 10.8201 0
v -4.08201 11.0067 0
v -4.4531 11.1932 0
v -4.82419 11.3798 0
v -5.19528 11.5663 0
v -5.56637 11.7529 0
v -5.93746 11.9394 0
v -6.30855 12.126 0
v -6.67965 12.3126 0
v -7.42183 12.4991 0
v -8.16401 12.3126 0
v -7.97846 12.126 0
v -7.79292 11.7529 0
v -7.60737 11.3798 0
v -7.42183 11.1932 0
v -7.23628 11.0067 0
v -7.05073 10.8201 0
v -6.86519 10.6336 0
v -6.67965 10.447 0
v -6.4941 10.2605 0
v -6.30855 10.0739 0
v -6.12301 9.88735 0
v -5.93746 9.51424 0
v -5.75192 9.14114 0
v -5.56637 8.58147 0
v -6.30855 8.02181 0
v -7.05073 8.20837 0
v -8.16401 8.39492 0
v -9.27728 8.58147 0
v -10.5761 8.76803 0
v -11.8749 8.58147 0
v -12.0605 8.39492 0
v -12.246 8.20837 0
v -12.0605 8.02181 0
v -11.8749 7.83526 0
v -11.3183 7.6487 0
v -10.7616 7.46215 0
v -10.3906 7.2756 0
v -10.0195 7.08904 0
v -9.64837 6.90249 0
v -9.27728 6.71594 0
v -9.09174 6.52938 0
v -8.90619 6.34283 0
v -8.72065 6.15628 0
v -8.5351 5.96972 0
v -8.34956 5.78317 0
v -8.16401 5.59661 0
v -8.34956 5.41006 0
v -8.5351 5.2235 0
v -9.27728 5.03695 0
v -10.0195 4.8504 0
v -10.9472 4.66384 0
v -11.8749 4.47729 0
v -12.6171 4.29074 0
v -13.3593 4.10419 0
v -13.5448 3.91763 0
v -13.7304 3.73108 0
v -14.1015 3.54452 0
v -14.4726 3.17141 0
v -13.5448 2.79831 0
v -12.6171 2.7324 0
v -12.4316 2.6665 0
v -12.246 2.7324 0
v -11.8749 2.79831 0
v -11.5038 2.61175 0
v -10.7616 2.4252 0
v -10.0195 1.67898 0
v -10.3906 0.932765 0
v -10.7616 0.746212 0
v -11.1327 0.559659 0
v -11.5038 0.373106 0
v -11.6894 0.186553 0
v -11.8749 0 0
v -12.246 -0.186553 0
v -12.6171 -0.373106 0
v -12.8026 -0.559659 0
v -12.9882 -0.746215 0
v -13.3593 -0.93277 0
v -13.7304 -1.11933 0
v -13.9159 -1.30588 0
v -14.1015 -1.49243 0
v -14.287 -1.67899 0
v -14.4726 -1.86554 0
v -14.6581 -2.05209 0
v -14.8437 -2.4252 0
v -14.1015 -2.79831 0
v -13.3593 -2.61175 0
v -13.1737 -2.4252 0
v -12.9882 -2.23865 0
v -12.246 -2.05209 0
v -11.5038 -1.86554 0
v -10.7616 -1.67899 0
v -10.0195 -1.86554 0
v -9.83392 -2.05209 0
v -9.64837 -2.23865 0
v -9.83392 -2.4252 0
v -10.0195 -2.79831 0
v -10.205 -3.17142 0
v -10.3906 -3.35797 0
v -10.5761 -3.54453 0
v -10.7616 -3.91763 0
v -10.9472 -4.29074 0
v -11.1327 -4.47729 0
v -11.3183 -4.66384 0
v -11.5038 -5.03695 0
v -11.6894 -5.41006 0
v -11.8749 -5.59661 0
v -12.0605 -5.78317 0
v -12.246 -6.34283 0
v -12.4316 -6.90249 0
v -12.6171 -7.46215 0
v -12.246 -8.02181 0
v -11.8749 -7.83526 0
v -11.6894 -7.64871 0
v -11.5038 -7.46215 0
v -11.3183 -7.2756 0
v -11.1327 -7.08904 0
v -10.9472 -6.90249 0
v -10.7616 -6.71594 0
v -10.5761 -6.52938 0
v -10.3906 -6.34283 0
v -10.0195 -6.15628 0
v -9.64837 -5.96972 0
v -9.46283 -5.78317 0
v -9.27728 -5.59661 0
v -8.72065 -5.41006 0
v -8.16401 -6.52938 0
v -8.34956 -7.64871 0
v -8.5351 -8.39492 0
v -8.72065 -9.14114 0
v -8.90619 -10.6336 0
v -8.5351 -12.126 0
v -8.16401 -11.7529 0
v -7.97846 -11.3798 0
v -7.79292 -11.1932 0
v -7.60737 -11.0067 0
v -7.42183 -10.447 0
v -7.23628 -9.88735 0
v -7.05073 -9.7008 0
v -6.86519 -9.51424 0
v -6.67965 -9.14114 0
v -6.4941 -8.76803 0
v -6.30855 -8.58148 0
v -6.12301 -8.39492 0
v -5.93746 -8.20837 0
v -5.75192 -8.02181 0
v -5.56637 -8.20837 0
v -5.38082 -8.39492 0
v -5.19528 -8.95458 0
v -5.00973 -9.51424 0
v -4.82419 -10.8201 0
v -4.63864 -12.126 0
v -4.4531 -12.4991 0
v -4.26755 -12.8722 0
v -4.08201 -13.4319 0
v -3.89646 -13.9915 0
v -3.71091 -14.1781 0
v -3.33982 -14.3646 0
v -2.96873 -13.4319 0
v -2.78319 -12.4991 0
v -2.59764 -11.3798 0
v -2.41209 -10.2605 0
v -2.22655 -9.88735 0
v -2.041 -9.51424 0
v -1.85546 -9.7008 0
v -1.66991 -9.88735 0
v -1.48437 -10.0739 0
v -1.29882 -10.2605 0
v -1.11328 -10.447 0
v -0.92773 -10.6336 0
v -0.742184 -11.0067 0
v -0.556639 -11.3798 0
v -0.371093 -11.7529 0
v -0.185546 -12.126 0
v 1.07829e-06 -12.3126 0
v 0.185546 -12.4991 0
v 0.371091 -12.6857 0
v 0.556635 -12.8722 0
v 0.74218 -13.2453 0
v 0.927725 -13.6184 0
v 1.11327 -13.805 0
v 1.29882 -13.9915 0
v 1.48436 -14.1781 0
v 1.66991 -14.3646 0
v 1.85546 -14.5512 0
v 2.22655 -14.7378 0
v 2.59764 -14.1781 0
v 2.41209 -13.6184 0
v 2.22655 -13.2453 0
v 2.041 -12.8722 0
v 1.85546 -12.126 0
v 1.66991 -11.3798 0
v 1.48436 -10.6336 0
v 1.66991 -9.88735 0
v 1.85546 -9.7008 0
v 2.22655 -9.51424 0
v 2.59764 -9.7008 0
v 2.96873 -9.88735 0
v 3.33982 -10.0739 0
v 3.52537 -10.2605 0
v 3.71091 -10.447 0
v 3.89646 -10.6336 0
v 4.082 -10.8201 0
v 4.45309 -11.0067 0
v 4.82418 -11.1932 0
v 5.00973 -11.3798 0
v 5.19528 -11.5663 0
v 5.38082 -11.7529 0
v 5.56637 -11.9394 0
v 6.123 -12.126 0
v 6.67964 -12.3126 0
v 7.42182 -12.4991 0
v 8.16401 -12.3126 0
v 7.97846 -12.126 0
v 7.79292 -11.9394 0
v 7.60737 -11.7529 0
v 7.42183 -11.3798 0
v 7.23628 -11.0067 0
v 7.05073 -10.8201 0
v 6.86519 -10.6336 0
v 6.67964 -10.447 0
v 6.49409 -10.2605 0
v 6.30855 -10.0739 0
v 6.123 -9.88735 0
v 5.93746 -9.51424 0
v 5.75191 -9.14114 0
v 5.56637 -8.58147 0
v 6.4941 -8.02181 0
v 7.42183 -8.20837 0
v 7.79292 -8.39492 0
v 8.16401 -8.58148 0
v 9.46283 -8.76803 0
v 10.7616 -8.95458 0
v 11.1327 -9.14114 0
v 11.5038 -8.95458 0
v 12.0605 -8.76803 0
v 12.6171 -8.58148 0
v 12.4316 -8.39492 0
v 12.246 -8.20837 0
v 11.8749 -8.02181 0
v 11.5038 -7.83526 0
v 11.1327 -7.64871 0
v 10.7616 -7.46215 0
v 10.3906 -7.2756 0
v 10.0195 -7.08904 0
v 9.64837 -6.90249 0
v 9.27728 -6.71594 0
v 9.09174 -6.52938 0
v 8.90619 -6.34283 0
v 8.72064 -6.15628 0
v 8.5351 -5.78317 0
v 8.90619 -5.41006 0
v 9.27728 -5.22351 0
v 10.205 -5.03695 0
v 11.1327 -4.8504 0
v 12.0605 -4.66384 0
v 12.9882 -4.47729 0
v 13.5448 -4.29074 0
v 14.1015 -4.10419 0
v 14.287 -3.91763 0
v 14.4726 -3.73108 0
v 14.6581 -3.54453 0
v 14.8437 -3.35797 0
v 14.4726 -3.17142 0
v 14.1015 -2.98486 0
v 12.246 -2.79831 0
v 10.3906 -2.61175 0
v 10.205 -2.4252 0
v 10.0195 -1.86554 0
v 10.205 -1.30588 0
v 10.3906 -1.11933 0
v 10.7616 -0.93277 0
v 11.1327 -0.746215 0
v 11.3183 -0.559659 0
v 11.5038 -0.373106 0
v 11.8749 -0.186553 0
v 12.246 0 0
v 12.6171 0.186553 0
v 12.9882 0.373106 0
v 13.1737 0.559659 0
v 13.3593 0.746212 0
v 13.7304 0.932765 0
v 14.1015 1.11932 0
v 14.287 1.30588 0
v 14.4726 1.49243 0
v 14.6581 1.67899 0


# Vertex Texture Coordinates :
vt 0.500501 0.276771
vt 0.500501 0.289352
vt 0.462963 0.289352
vt 0.462963 0.283062
vt 0.450451 0.283062
vt 0.450451 0.276771
vt 0.41917 0.276771
vt 0.41917 0.301932
vt 0.425426 0.301932
vt 0.425426 0.308223
vt 0.431682 0.308223
vt 0.431682 0.314513
vt 0.437938 0.314513
vt 0.437938 0.320803
vt 0.444195 0.320803
vt 0.444195 0.333384
vt 0.450451 0.333384
vt 0.450451 0.345964
vt 0.456707 0.345964
vt 0.456707 0.352254
vt 0.462963 0.352254
vt 0.462963 0.383706
vt 0.456707 0.383706
vt 0.456707 0.377415
vt 0.444195 0.377415
vt 0.444195 0.371125
vt 0.437938 0.371125
vt 0.437938 0.364835
vt 0.431682 0.364835
vt 0.431682 0.358545
vt 0.425426 0.358545
vt 0.425426 0.352254
vt 0.412913 0.352254
vt 0.412913 0.345964
vt 0.387888 0.345964
vt 0.387888 0.377415
vt 0.394144 0.377415
vt 0.394144 0.421447
vt 0.400401 0.421447
vt 0.400401 0.446608
vt 0.394144 0.446608
vt 0.394144 0.452898
vt 0.387888 0.452898
vt 0.387888 0.440318
vt 0.381632 0.440318
vt 0.381632 0.434028
vt 0.375376 0.434028
vt 0.375376 0.415157
vt 0.369119 0.415157
vt 0.369119 0.408867
vt 0.362863 0.408867
vt 0.362863 0.396286
vt 0.356607 0.396286
vt 0.356607 0.389996
vt 0.337838 0.389996
vt 0.337838 0.402576
vt 0.331582 0.402576
vt 0.331582 0.440318
vt 0.325326 0.440318
vt 0.325326 0.465479
vt 0.319069 0.465479
vt 0.319069 0.48435
vt 0.312813 0.48435
vt 0.312813 0.49064
vt 0.306557 0.49064
vt 0.306557 0.49693
vt 0.300301 0.49693
vt 0.300301 0.465479
vt 0.294044 0.465479
vt 0.294044 0.427737
vt 0.287788 0.427737
vt 0.287788 0.421447
vt 0.269019 0.421447
vt 0.269019 0.427737
vt 0.262763 0.427737
vt 0.262763 0.440318
vt 0.256507 0.440318
vt 0.256507 0.446608
vt 0.250251 0.446608
vt 0.250251 0.452898
vt 0.243994 0.452898
vt 0.243994 0.459189
vt 0.237738 0.459189
vt 0.237738 0.471769
vt 0.231482 0.471769
vt 0.231482 0.478059
vt 0.225225 0.478059
vt 0.225225 0.48435
vt 0.218969 0.48435
vt 0.218969 0.49064
vt 0.212713 0.49064
vt 0.212713 0.49693
vt 0.206457 0.49693
vt 0.206457 0.465479
vt 0.212713 0.465479
vt 0.212713 0.446608
vt 0.218969 0.446608
vt 0.218969 0.427737
vt 0.225225 0.427737
vt 0.225225 0.421447
vt 0.218969 0.421447
vt 0.218969 0.415157
vt 0.2002 0.415157
vt 0.2002 0.421447
vt 0.193944 0.421447
vt 0.193944 0.427737
vt 0.187688 0.427737
vt 0.187688 0.434028
vt 0.175175 0.434028
vt 0.175175 0.440318
vt 0.162663 0.440318
vt 0.162663 0.446608
vt 0.15015 0.446608
vt 0.15015 0.452898
vt 0.137638 0.452898
vt 0.137638 0.459189
vt 0.112613 0.459189
vt 0.112613 0.452898
vt 0.118869 0.452898
vt 0.118869 0.440318
vt 0.125125 0.440318
vt 0.125125 0.434028
vt 0.131382 0.434028
vt 0.131382 0.427737
vt 0.137638 0.427737
vt 0.137638 0.421447
vt 0.143894 0.421447
vt 0.143894 0.415157
vt 0.15015 0.415157
vt 0.15015 0.402576
vt 0.156407 0.402576
vt 0.156407 0.383706
vt 0.131382 0.383706
vt 0.131382 0.389996
vt 0.0938439 0.389996
vt 0.0938439 0.396286
vt 0.0500501 0.396286
vt 0.0500501 0.389996
vt 0.0437938 0.389996
vt 0.0437938 0.383706
vt 0.0500501 0.383706
vt 0.0500501 0.377415
vt 0.0688189 0.377415
vt 0.0688189 0.371125
vt 0.0813314 0.371125
vt 0.0813314 0.364835
vt 0.0938439 0.364835
vt 0.0938439 0.358545
vt 0.1001 0.358545
vt 0.1001 0.352254
vt 0.106356 0.352254
vt 0.106356 0.345964
vt 0.112613 0.345964
vt 0.112613 0.339674
vt 0.106356 0.339674
vt 0.106356 0.333384
vt 0.0813314 0.333384
vt 0.0813314 0.327093
vt 0.0500501 0.327093
vt 0.0500501 0.320803
vt 0.025025 0.320803
vt 0.025025 0.314513
vt 0.0187688 0.314513
vt 0.0187688 0.308223
vt 0.00625627 0.308223
vt 0.00625627 0.295642
vt 0.0375376 0.295642
vt 0.0375376 0.29342
vt 0.0437938 0.29342
vt 0.0437938 0.295642
vt 0.0563064 0.295642
vt 0.0563064 0.289352
vt 0.0813314 0.289352
vt 0.0813314 0.264191
vt 0.0688189 0.264191
vt 0.0688189 0.2579
vt 0.0563064 0.2579
vt 0.0563064 0.25161
vt 0.0500501 0.25161
vt 0.0500501 0.24532
vt 0.0375376 0.24532
vt 0.0375376 0.23903
vt 0.0312813 0.23903
vt 0.0312813 0.232739
vt 0.0187688 0.232739
vt 0.0187688 0.226449
vt 0.0125125 0.226449
vt 0.0125125 0.220159
vt 0.00625627 0.220159
vt 0.00625627 0.213869
vt 0 0.213869
vt 0 0.201288
vt 0.025025 0.201288
vt 0.025025 0.207578
vt 0.0312813 0.207578
vt 0.0312813 0.213869
vt 0.0563064 0.213869
vt 0.0563064 0.220159
vt 0.0813314 0.220159
vt 0.0813314 0.213869
vt 0.0875877 0.213869
vt 0.0875877 0.207578
vt 0.0813314 0.207578
vt 0.0813314 0.194998
vt 0.0750751 0.194998
vt 0.0750751 0.188708
vt 0.0688189 0.188708
vt 0.0688189 0.176127
vt 0.0625626 0.176127
vt 0.0625626 0.169837
vt 0.0563064 0.169837
vt 0.0563064 0.157256
vt 0.0500501 0.157256
vt 0.0500501 0.150966
vt 0.0437938 0.150966
vt 0.0437938 0.132095
vt 0.0375376 0.132095
vt 0.0375376 0.113225
vt 0.0500501 0.113225
vt 0.0500501 0.119515
vt 0.0563064 0.119515
vt 0.0563064 0.125805
vt 0.0625626 0.125805
vt 0.0625626 0.132095
vt 0.0688189 0.132095
vt 0.0688189 0.138386
vt 0.0750751 0.138386
vt 0.0750751 0.144676
vt 0.0875877 0.144676
vt 0.0875877 0.150966
vt 0.0938439 0.150966
vt 0.0938439 0.157256
vt 0.112613 0.157256
vt 0.112613 0.119515
vt 0.106356 0.119515
vt 0.106356 0.0943538
vt 0.1001 0.0943538
vt 0.1001 0.0440318
vt 0.112613 0.0440318
vt 0.112613 0.0566123
vt 0.118869 0.0566123
vt 0.118869 0.0629025
vt 0.125125 0.0629025
vt 0.125125 0.0817733
vt 0.131382 0.0817733
vt 0.131382 0.0880636
vt 0.137638 0.0880636
vt 0.137638 0.100644
vt 0.143894 0.100644
vt 0.143894 0.106934
vt 0.15015 0.106934
vt 0.15015 0.113225
vt 0.156407 0.113225
vt 0.156407 0.106934
vt 0.162663 0.106934
vt 0.162663 0.0880636
vt 0.168919 0.0880636
vt 0.168919 0.0440318
vt 0.175175 0.0440318
vt 0.175175 0.0314512
vt 0.181432 0.0314512
vt 0.181432 0.0125805
vt 0.187688 0.0125805
vt 0.187688 0.00629023
vt 0.2002 0.00629023
vt 0.2002 0.0377415
vt 0.206457 0.0377415
vt 0.206457 0.0754831
vt 0.212713 0.0754831
vt 0.212713 0.0880636
vt 0.218969 0.0880636
vt 0.218969 0.0817733
vt 0.225225 0.0817733
vt 0.225225 0.0754831
vt 0.231482 0.0754831
vt 0.231482 0.0691928
vt 0.237738 0.0691928
vt 0.237738 0.0566123
vt 0.243994 0.0566123
vt 0.243994 0.0440318
vt 0.250251 0.0440318
vt 0.250251 0.0377415
vt 0.256507 0.0377415
vt 0.256507 0.0314512
vt 0.262763 0.0314512
vt 0.262763 0.0188708
vt 0.269019 0.0188708
vt 0.269019 0.0125805
vt 0.275276 0.0125805
vt 0.275276 0.00629023
vt 0.281532 0.00629023
vt 0.281532 0
vt 0.294044 0
vt 0.294044 0.0188708
vt 0.287788 0.0188708
vt 0.287788 0.0314512
vt 0.281532 0.0314512
vt 0.281532 0.0566123
vt 0.275276 0.0566123
vt 0.275276 0.0817733
vt 0.281532 0.0817733
vt 0.281532 0.0880636
vt 0.294044 0.0880636
vt 0.294044 0.0817733
vt 0.306557 0.0817733
vt 0.306557 0.0754831
vt 0.312813 0.0754831
vt 0.312813 0.0691928
vt 0.319069 0.0691928
vt 0.319069 0.0629025
vt 0.331582 0.0629025
vt 0.331582 0.0566123
vt 0.337838 0.0566123
vt 0.337838 0.0503221
vt 0.344094 0.0503221
vt 0.344094 0.0440318
vt 0.362863 0.0440318
vt 0.362863 0.0377415
vt 0.387888 0.0377415
vt 0.387888 0.0440318
vt 0.381632 0.0440318
vt 0.381632 0.0503221
vt 0.375376 0.0503221
vt 0.375376 0.0629025
vt 0.369119 0.0629025
vt 0.369119 0.0691928
vt 0.362863 0.0691928
vt 0.362863 0.0754831
vt 0.356607 0.0754831
vt 0.356607 0.0817733
vt 0.350351 0.0817733
vt 0.350351 0.0943538
vt 0.344094 0.0943538
vt 0.344094 0.113225
vt 0.375376 0.113225
vt 0.375376 0.106934
vt 0.387888 0.106934
vt 0.387888 0.100644
vt 0.431682 0.100644
vt 0.431682 0.0943538
vt 0.444195 0.0943538
vt 0.444195 0.100644
vt 0.462963 0.100644
vt 0.462963 0.106934
vt 0.456707 0.106934
vt 0.456707 0.113225
vt 0.444195 0.113225
vt 0.444195 0.119515
vt 0.431682 0.119515
vt 0.431682 0.125805
vt 0.41917 0.125805
vt 0.41917 0.132095
vt 0.406657 0.132095
vt 0.406657 0.138386
vt 0.400401 0.138386
vt 0.400401 0.144676
vt 0.394144 0.144676
vt 0.394144 0.157256
vt 0.406657 0.157256
vt 0.406657 0.163547
vt 0.437938 0.163547
vt 0.437938 0.169837
vt 0.46922 0.169837
vt 0.46922 0.176127
vt 0.487988 0.176127
vt 0.487988 0.182417
vt 0.494245 0.182417
vt 0.494245 0.188708
vt 0.500501 0.188708
vt 0.500501 0.194998
vt 0.487988 0.194998
vt 0.487988 0.201288
vt 0.425426 0.201288
vt 0.425426 0.207578
vt 0.41917 0.207578
vt 0.41917 0.226449
vt 0.425426 0.226449
vt 0.425426 0.232739
vt 0.437938 0.232739
vt 0.437938 0.23903
vt 0.444195 0.23903
vt 0.444195 0.24532
vt 0.456707 0.24532
vt 0.456707 0.25161
vt 0.46922 0.25161
vt 0.46922 0.2579
vt 0.475476 0.2579
vt 0.475476 0.264191
vt 0.487988 0.264191
vt 0.487988 0.270481
vt 0.494245 0.270481
vt 0.494245 0.276771
vt 0 0.779838
vt 0 0.792419
vt 0.0375376 0.792419
vt 0.0375376 0.786129
vt 0.0500502 0.786129
vt 0.0500502 0.779838
vt 0.0813315 0.779838
vt 0.0813315 0.804999
vt 0.0750752 0.804999
vt 0.0750752 0.81129
vt 0.0688189 0.81129
vt 0.0688189 0.81758
vt 0.0625626 0.81758
vt 0.0625626 0.82387
vt 0.0563064 0.82387
vt 0.0563064 0.836451
vt 0.0500502 0.836451
vt 0.0500502 0.849031
vt 0.0437939 0.849031
vt 0.0437939 0.855321
vt 0.0375376 0.855321
vt 0.0375376 0.886773
vt 0.0437939 0.886773
vt 0.0437939 0.880482
vt 0.0563064 0.880482
vt 0.0563064 0.874192
vt 0.0625626 0.874192
vt 0.0625626 0.867902
vt 0.0688189 0.867902
vt 0.0688189 0.861612
vt 0.0750752 0.861612
vt 0.0750752 0.855321
vt 0.0875877 0.855321
vt 0.0875877 0.849031
vt 0.112613 0.849031
vt 0.112613 0.880482
vt 0.106357 0.880482
vt 0.106357 0.924514
vt 0.1001 0.924514
vt 0.1001 0.949675
vt 0.106357 0.949675
vt 0.106357 0.955965
vt 0.112613 0.955965
vt 0.112613 0.943385
vt 0.118869 0.943385
vt 0.118869 0.937095
vt 0.125125 0.937095
vt 0.125125 0.918224
vt 0.131382 0.918224
vt 0.131382 0.911934
vt 0.137638 0.911934
vt 0.137638 0.899353
vt 0.143894 0.899353
vt 0.143894 0.893063
vt 0.162663 0.893063
vt 0.162663 0.905643
vt 0.168919 0.905643
vt 0.168919 0.943385
vt 0.175175 0.943385
vt 0.175175 0.968546
vt 0.181432 0.968546
vt 0.181432 0.987417
vt 0.187688 0.987417
vt 0.187688 0.993707
vt 0.193944 0.993707
vt 0.193944 0.999997
vt 0.2002 0.999997
vt 0.2002 0.968546
vt 0.206457 0.968546
vt 0.206457 0.930804
vt 0.212713 0.930804
vt 0.212713 0.924514
vt 0.231482 0.924514
vt 0.231482 0.930804
vt 0.237738 0.930804
vt 0.237738 0.943385
vt 0.243994 0.943385
vt 0.243994 0.949675
vt 0.25025 0.949675
vt 0.25025 0.955965
vt 0.256507 0.955965
vt 0.256507 0.962256
vt 0.262763 0.962256
vt 0.262763 0.974836
vt 0.269019 0.974836
vt 0.269019 0.981127
vt 0.275276 0.981127
vt 0.275276 0.987417
vt 0.281532 0.987417
vt 0.281532 0.993707
vt 0.287788 0.993707
vt 0.287788 0.999997
vt 0.294044 0.999997
vt 0.294044 0.968546
vt 0.287788 0.968546
vt 0.287788 0.949675
vt 0.281532 0.949675
vt 0.281532 0.930804
vt 0.275276 0.930804
vt 0.275276 0.924514
vt 0.281532 0.924514
vt 0.281532 0.918224
vt 0.300301 0.918224
vt 0.300301 0.924514
vt 0.306557 0.924514
vt 0.306557 0.930804
vt 0.312813 0.930804
vt 0.312813 0.937095
vt 0.325326 0.937095
vt 0.325326 0.943385
vt 0.337838 0.943385
vt 0.337838 0.949675
vt 0.350351 0.949675
vt 0.350351 0.955965
vt 0.362863 0.955965
vt 0.362863 0.962256
vt 0.387888 0.962256
vt 0.387888 0.955965
vt 0.381632 0.955965
vt 0.381632 0.943385
vt 0.375376 0.943385
vt 0.375376 0.937095
vt 0.369119 0.937095
vt 0.369119 0.930804
vt 0.362863 0.930804
vt 0.362863 0.924514
vt 0.356607 0.924514
vt 0.356607 0.918224
vt 0.350351 0.918224
vt 0.350351 0.905643
vt 0.344094 0.905643
vt 0.344094 0.886773
vt 0.369119 0.886773
vt 0.369119 0.893063
vt 0.406657 0.893063
vt 0.406657 0.899353
vt 0.450451 0.899353
vt 0.450451 0.893063
vt 0.456707 0.893063
vt 0.456707 0.886773
vt 0.450451 0.886773
vt 0.450451 0.880482
vt 0.431682 0.880482
vt 0.431682 0.874192
vt 0.41917 0.874192
vt 0.41917 0.867902
vt 0.406657 0.867902
vt 0.406657 0.861612
vt 0.400401 0.861612
vt 0.400401 0.855321
vt 0.394145 0.855321
vt 0.394145 0.849031
vt 0.387888 0.849031
vt 0.387888 0.842741
vt 0.394145 0.842741
vt 0.394145 0.836451
vt 0.41917 0.836451
vt 0.41917 0.83016
vt 0.450451 0.83016
vt 0.450451 0.82387
vt 0.475476 0.82387
vt 0.475476 0.81758
vt 0.481732 0.81758
vt 0.481732 0.81129
vt 0.494245 0.81129
vt 0.494245 0.798709
vt 0.462963 0.798709
vt 0.462963 0.796487
vt 0.456707 0.796487
vt 0.456707 0.798709
vt 0.444195 0.798709
vt 0.444195 0.792419
vt 0.41917 0.792419
vt 0.41917 0.767258
vt 0.431682 0.767258
vt 0.431682 0.760968
vt 0.444195 0.760968
vt 0.444195 0.754677
vt 0.450451 0.754677
vt 0.450451 0.748387
vt 0.462963 0.748387
vt 0.462963 0.742097
vt 0.46922 0.742097
vt 0.46922 0.735807
vt 0.481732 0.735807
vt 0.481732 0.729516
vt 0.487989 0.729516
vt 0.487989 0.723226
vt 0.494245 0.723226
vt 0.494245 0.716936
vt 0.500501 0.716936
vt 0.500501 0.704355
vt 0.475476 0.704355
vt 0.475476 0.710646
vt 0.46922 0.710646
vt 0.46922 0.716936
vt 0.444195 0.716936
vt 0.444195 0.723226
vt 0.41917 0.723226
vt 0.41917 0.716936
vt 0.412913 0.716936
vt 0.412913 0.710646
vt 0.41917 0.710646
vt 0.41917 0.698065
vt 0.425426 0.698065
vt 0.425426 0.691775
vt 0.431682 0.691775
vt 0.431682 0.679194
vt 0.437938 0.679194
vt 0.437938 0.672904
vt 0.444195 0.672904
vt 0.444195 0.660323
vt 0.450451 0.660323
vt 0.450451 0.654033
vt 0.456707 0.654033
vt 0.456707 0.635162
vt 0.462963 0.635162
vt 0.462963 0.616292
vt 0.450451 0.616292
vt 0.450451 0.622582
vt 0.444195 0.622582
vt 0.444195 0.628872
vt 0.437938 0.628872
vt 0.437938 0.635162
vt 0.431682 0.635162
vt 0.431682 0.641453
vt 0.425426 0.641453
vt 0.425426 0.647743
vt 0.412913 0.647743
vt 0.412913 0.654033
vt 0.406657 0.654033
vt 0.406657 0.660323
vt 0.387888 0.660323
vt 0.387888 0.622582
vt 0.394145 0.622582
vt 0.394145 0.597421
vt 0.400401 0.597421
vt 0.400401 0.547099
vt 0.387888 0.547099
vt 0.387888 0.559679
vt 0.381632 0.559679
vt 0.381632 0.56597
vt 0.375376 0.56597
vt 0.375376 0.58484
vt 0.369119 0.58484
vt 0.369119 0.591131
vt 0.362863 0.591131
vt 0.362863 0.603711
vt 0.356607 0.603711
vt 0.356607 0.610001
vt 0.350351 0.610001
vt 0.350351 0.616292
vt 0.344094 0.616292
vt 0.344094 0.610001
vt 0.337838 0.610001
vt 0.337838 0.591131
vt 0.331582 0.591131
vt 0.331582 0.547099
vt 0.325326 0.547099
vt 0.325326 0.534518
vt 0.319069 0.534518
vt 0.319069 0.515648
vt 0.312813 0.515648
vt 0.312813 0.509357
vt 0.300301 0.509357
vt 0.300301 0.540809
vt 0.294044 0.540809
vt 0.294044 0.57855
vt 0.287788 0.57855
vt 0.287788 0.591131
vt 0.281532 0.591131
vt 0.281532 0.58484
vt 0.275276 0.58484
vt 0.275276 0.57855
vt 0.269019 0.57855
vt 0.269019 0.57226
vt 0.262763 0.57226
vt 0.262763 0.559679
vt 0.256507 0.559679
vt 0.256507 0.547099
vt 0.25025 0.547099
vt 0.25025 0.540809
vt 0.243994 0.540809
vt 0.243994 0.534518
vt 0.237738 0.534518
vt 0.237738 0.521938
vt 0.231482 0.521938
vt 0.231482 0.515648
vt 0.225225 0.515648
vt 0.225225 0.509357
vt 0.218969 0.509357
vt 0.218969 0.503067
vt 0.206457 0.503067
vt 0.206457 0.521938
vt 0.212713 0.521938
vt 0.212713 0.534518
vt 0.218969 0.534518
vt 0.218969 0.559679
vt 0.225225 0.559679
vt 0.225225 0.58484
vt 0.218969 0.58484
vt 0.218969 0.591131
vt 0.206457 0.591131
vt 0.206457 0.58484
vt 0.193944 0.58484
vt 0.193944 0.57855
vt 0.187688 0.57855
vt 0.187688 0.57226
vt 0.181432 0.57226
vt 0.181432 0.56597
vt 0.168919 0.56597
vt 0.168919 0.559679
vt 0.162663 0.559679
vt 0.162663 0.553389
vt 0.156407 0.553389
vt 0.156407 0.547099
vt 0.137638 0.547099
vt 0.137638 0.540809
vt 0.112613 0.540809
vt 0.112613 0.547099
vt 0.118869 0.547099
vt 0.118869 0.553389
vt 0.125125 0.553389
vt 0.125125 0.56597
vt 0.131382 0.56597
vt 0.131382 0.57226
vt 0.137638 0.57226
vt 0.137638 0.57855
vt 0.143894 0.57855
vt 0.143894 0.58484
vt 0.15015 0.58484
vt 0.15015 0.597421
vt 0.156407 0.597421
vt 0.156407 0.616292
vt 0.125125 0.616292
vt 0.125125 0.610001
vt 0.112613 0.610001
vt 0.112613 0.603711
vt 0.0688189 0.603711
vt 0.0688189 0.597421
vt 0.0563064 0.597421
vt 0.0563064 0.603711
vt 0.0375376 0.603711
vt 0.0375376 0.610001
vt 0.0437939 0.610001
vt 0.0437939 0.616292
vt 0.0563064 0.616292
vt 0.0563064 0.622582
vt 0.0688189 0.622582
vt 0.0688189 0.628872
vt 0.0813315 0.628872
vt 0.0813315 0.635162
vt 0.0938439 0.635162
vt 0.0938439 0.641453
vt 0.1001 0.641453
vt 0.1001 0.647743
vt 0.106357 0.647743
vt 0.106357 0.660323
vt 0.0938439 0.660323
vt 0.0938439 0.666614
vt 0.0625626 0.666614
vt 0.0625626 0.672904
vt 0.0312813 0.672904
vt 0.0312813 0.679194
vt 0.0125126 0.679194
vt 0.0125126 0.685484
vt 0.00625631 0.685484
vt 0.00625631 0.691775
vt 0 0.691775
vt 0 0.698065
vt 0.0125126 0.698065
vt 0.0125126 0.704355
vt 0.0750752 0.704355
vt 0.0750752 0.710646
vt 0.0813315 0.710646
vt 0.0813315 0.729516
vt 0.0750752 0.729516
vt 0.0750752 0.735807
vt 0.0625626 0.735807
vt 0.0625626 0.742097
vt 0.0563064 0.742097
vt 0.0563064 0.748387
vt 0.0437939 0.748387
vt 0.0437939 0.754677
vt 0.0312813 0.754677
vt 0.0312813 0.760968
vt 0.0250251 0.760968
vt 0.0250251 0.767258
vt 0.0125126 0.767258
vt 0.0125126 0.773548
vt 0.00625631 0.773548
vt 0.00625631 0.779838
vt 0.506613 1.57473e-05
vt 0.519194 1.57473e-05
vt 0.525355 1.57473e-05
vt 0.562893 1.57473e-05
vt 0.506643 0.0359404
vt 0.512933 0.0359404
vt 0.506647 0.071865
vt 0.51916 0.071865
vt 0.506643 0.10779
vt 0.512933 0.10779
vt 0.569051 1.57473e-05
vt 0.600332 1.57473e-05
vt 0.606447 1.57473e-05
vt 0.631608 1.57473e-05
vt 0.50666 0.143714
vt 0.512916 0.143714
vt 0.506642 0.179639
vt 0.512933 0.179639
vt 0.506659 0.215564
vt 0.512916 0.215564
vt 0.506642 0.251488
vt 0.512933 0.251488
vt 0.506659 0.287413
vt 0.512916 0.287413
vt 0.506643 0.323337
vt 0.512933 0.323337
vt 0.50666 0.359262
vt 0.512916 0.359262
vt 0.506613 0.395187
vt 0.519194 0.395187
vt 0.50666 0.431111
vt 0.512916 0.431111
vt 0.506613 0.467036
vt 0.519194 0.467036
vt 0.637772 1.57473e-05
vt 0.644028 1.57473e-05
vt 0.650219 1.57473e-05
vt 0.656509 1.57473e-05
vt 0.662699 1.57473e-05
vt 0.668956 1.57473e-05
vt 0.675152 1.57473e-05
vt 0.706603 1.57473e-05
vt 0.712798 1.57473e-05
vt 0.719055 1.57473e-05
vt 0.725245 1.57473e-05
vt 0.731535 1.57473e-05
vt 0.737714 1.57473e-05
vt 0.750226 1.57473e-05
vt 0.756404 1.57473e-05
vt 0.762695 1.57473e-05
vt 0.768885 1.57473e-05
vt 0.775141 1.57473e-05
vt 0.781332 1.57473e-05
vt 0.787622 1.57473e-05
vt 0.793812 1.57473e-05
vt 0.800068 1.57473e-05
vt 0.806259 1.57473e-05
vt 0.812549 1.57473e-05
vt 0.818739 1.57473e-05
vt 0.824996 1.57473e-05
vt 0.831186 1.57473e-05
vt 0.837476 1.57473e-05
vt 0.843655 1.57473e-05
vt 0.856167 1.57473e-05
vt 0.862345 1.57473e-05
vt 0.868636 1.57473e-05
vt 0.874789 1.57473e-05
vt 0.899814 1.57473e-05
vt 0.905973 1.57473e-05
vt 0.937425 1.57473e-05
vt 0.94362 1.57473e-05
vt 0.949877 1.57473e-05
vt 0.525346 0.0359404
vt 0.569378 0.0359404
vt 0.956084 1.57473e-05
vt 0.96234 1.57473e-05
vt 0.968504 1.57473e-05
vt 0.993665 1.57473e-05
vt 0.575576 0.0359404
vt 0.581832 0.0359404
vt 0.588023 0.0359404
vt 0.594313 0.0359404
vt 0.600503 0.0359404
vt 0.60676 0.0359404
vt 0.612921 0.0359404
vt 0.625501 0.0359404
vt 0.631663 0.0359404
vt 0.637919 0.0359404
vt 0.644109 0.0359404
vt 0.650399 0.0359404
vt 0.65659 0.0359404
vt 0.662846 0.0359404
vt 0.669039 0.0359404
vt 0.68791 0.0359404
vt 0.694103 0.0359404
vt 0.700359 0.0359404
vt 0.70655 0.0359404
vt 0.71284 0.0359404
vt 0.71903 0.0359404
vt 0.725287 0.0359404
vt 0.731448 0.0359404
vt 0.744028 0.0359404
vt 0.750189 0.0359404
vt 0.756446 0.0359404
vt 0.762636 0.0359404
vt 0.768926 0.0359404
vt 0.775092 0.0359404
vt 0.793861 0.0359404
vt 0.799998 0.0359404
vt 0.812578 0.0359404
vt 0.818739 0.0359404
vt 0.824996 0.0359404
vt 0.831162 0.0359404
vt 0.868904 0.0359404
vt 0.87507 0.0359404
vt 0.881327 0.0359404
vt 0.88749 0.0359404
vt 0.912651 0.0359404
vt 0.918815 0.0359404
vt 0.925072 0.0359404
vt 0.931265 0.0359404
vt 0.950135 0.0359404
vt 0.956328 0.0359404
vt 0.962585 0.0359404
vt 0.968775 0.0359404
vt 0.975065 0.0359404
vt 0.981256 0.0359404
vt 0.987512 0.0359404
vt 0.993702 0.0359404
vt 0.999993 0.0359404
vt 0.525355 0.071865
vt 0.531611 0.071865
vt 0.537807 0.071865
vt 0.569258 0.071865
vt 0.525355 0.10779
vt 0.531611 0.10779
vt 0.575413 0.071865
vt 0.613155 0.071865
vt 0.525355 0.143714
vt 0.531611 0.143714
vt 0.525338 0.179639
vt 0.531628 0.179639
vt 0.619297 0.071865
vt 0.638066 0.071865
vt 0.525338 0.215564
vt 0.531628 0.215564
vt 0.525355 0.251488
vt 0.531611 0.251488
vt 0.644202 0.071865
vt 0.656783 0.071865
vt 0.525355 0.287413
vt 0.531611 0.287413
vt 0.525338 0.323337
vt 0.531628 0.323337
vt 0.525355 0.359262
vt 0.531611 0.359262
vt 0.525338 0.395187
vt 0.531628 0.395187
vt 0.525355 0.431111
vt 0.531611 0.431111
vt 0.525338 0.467036
vt 0.531628 0.467036
vt 0.662944 0.071865
vt 0.6692 0.071865
vt 0.675361 0.071865
vt 0.687942 0.071865
vt 0.694103 0.071865
vt 0.700359 0.071865
vt 0.70655 0.071865
vt 0.71284 0.071865
vt 0.71903 0.071865
vt 0.725287 0.071865
vt 0.731477 0.071865
vt 0.737767 0.071865
vt 0.743958 0.071865
vt 0.750214 0.071865
vt 0.756404 0.071865
vt 0.762695 0.071865
vt 0.768885 0.071865
vt 0.775141 0.071865
vt 0.781332 0.071865
vt 0.787622 0.071865
vt 0.793812 0.071865
vt 0.800068 0.071865
vt 0.806264 0.071865
vt 0.837715 0.071865
vt 0.843911 0.071865
vt 0.850167 0.071865
vt 0.85636 0.071865
vt 0.875231 0.071865
vt 0.881424 0.071865
vt 0.887681 0.071865
vt 0.893874 0.071865
vt 0.912744 0.071865
vt 0.918937 0.071865
vt 0.925194 0.071865
vt 0.931384 0.071865
vt 0.937674 0.071865
vt 0.943865 0.071865
vt 0.950121 0.071865
vt 0.956311 0.071865
vt 0.962602 0.071865
vt 0.968768 0.071865
vt 0.987536 0.071865
vt 0.993702 0.071865
vt 0.999993 0.071865
vt 0.537819 0.10779
vt 0.544075 0.10779
vt 0.550265 0.10779
vt 0.556556 0.10779
vt 0.562746 0.10779
vt 0.569002 0.10779
vt 0.537802 0.143714
vt 0.544092 0.143714
vt 0.55027 0.143714
vt 0.562783 0.143714
vt 0.537802 0.179639
vt 0.544092 0.179639
vt 0.55027 0.179639
vt 0.562783 0.179639
vt 0.537802 0.215564
vt 0.544092 0.215564
vt 0.55027 0.215564
vt 0.562783 0.215564
vt 0.537802 0.251488
vt 0.544092 0.251488
vt 0.55027 0.251488
vt 0.562783 0.251488
vt 0.537802 0.287413
vt 0.544092 0.287413
vt 0.537782 0.323337
vt 0.562807 0.323337
vt 0.550265 0.287413
vt 0.556556 0.287413
vt 0.562746 0.287413
vt 0.569002 0.287413
vt 0.537772 0.359262
vt 0.550353 0.359262
vt 0.556514 0.359262
vt 0.56277 0.359262
vt 0.537802 0.395187
vt 0.544092 0.395187
vt 0.537819 0.431111
vt 0.544075 0.431111
vt 0.537802 0.467036
vt 0.544092 0.467036
vt 0.550282 0.395187
vt 0.556539 0.395187
vt 0.562729 0.395187
vt 0.569019 0.395187
vt 0.550282 0.431111
vt 0.556539 0.431111
vt 0.550265 0.467036
vt 0.556556 0.467036
vt 0.562746 0.431111
vt 0.569002 0.431111
vt 0.575408 0.10779
vt 0.587988 0.10779
vt 0.562746 0.467036
vt 0.569002 0.467036
vt 0.594135 0.10779
vt 0.613006 0.10779
vt 0.619162 0.10779
vt 0.644187 0.10779
vt 0.575437 0.143714
vt 0.581727 0.143714
vt 0.650358 0.10779
vt 0.687896 0.10779
vt 0.575437 0.179639
vt 0.581727 0.179639
vt 0.694091 0.10779
vt 0.737885 0.10779
vt 0.575437 0.215564
vt 0.581727 0.215564
vt 0.575454 0.251488
vt 0.58171 0.251488
vt 0.575437 0.287413
vt 0.581727 0.287413
vt 0.575454 0.323337
vt 0.58171 0.323337
vt 0.575437 0.359262
vt 0.581727 0.359262
vt 0.594125 0.143714
vt 0.612894 0.143714
vt 0.575437 0.395187
vt 0.581727 0.395187
vt 0.575442 0.431111
vt 0.587954 0.431111
vt 0.575437 0.467036
vt 0.581727 0.467036
vt 0.594137 0.179639
vt 0.60665 0.179639
vt 0.594132 0.215564
vt 0.600423 0.215564
vt 0.606613 0.215564
vt 0.612869 0.215564
vt 0.594132 0.251488
vt 0.600423 0.251488
vt 0.606613 0.251488
vt 0.612869 0.251488
vt 0.594132 0.287413
vt 0.600423 0.287413
vt 0.606613 0.287413
vt 0.612869 0.287413
vt 0.594132 0.323337
vt 0.600423 0.323337
vt 0.606613 0.323337
vt 0.612869 0.323337
vt 0.594132 0.359262
vt 0.600423 0.359262
vt 0.744043 0.10779
vt 0.769068 0.10779
vt 0.606596 0.359262
vt 0.612886 0.359262
vt 0.77519 0.10779
vt 0.806471 0.10779
vt 0.594132 0.395187
vt 0.600423 0.395187
vt 0.812593 0.10779
vt 0.837618 0.10779
vt 0.606596 0.395187
vt 0.612886 0.395187
vt 0.594149 0.431111
vt 0.600406 0.431111
vt 0.594132 0.467036
vt 0.600423 0.467036
vt 0.843777 0.10779
vt 0.856289 0.10779
vt 0.862438 0.10779
vt 0.875019 0.10779
vt 0.881131 0.10779
vt 0.912412 0.10779
vt 0.606614 0.431111
vt 0.608836 0.431111
vt 0.606613 0.467036
vt 0.612869 0.467036
vt 0.918572 0.10779
vt 0.920794 0.10779
vt 0.92699 0.10779
vt 0.939502 0.10779
vt 0.945681 0.10779
vt 0.951971 0.10779
vt 0.958125 0.10779
vt 0.98315 0.10779
vt 0.650314 0.143714
vt 0.675476 0.143714
vt 0.650346 0.179639
vt 0.662858 0.179639
vt 0.669037 0.179639
vt 0.675327 0.179639
vt 0.650346 0.215564
vt 0.662858 0.215564
vt 0.669037 0.215564
vt 0.675327 0.215564
vt 0.98932 0.10779
vt 0.995577 0.10779
vt 0.650341 0.251488
vt 0.656631 0.251488
vt 0.662809 0.251488
vt 0.675322 0.251488
vt 0.650341 0.287413
vt 0.656631 0.287413
vt 0.662822 0.287413
vt 0.669078 0.287413
vt 0.650341 0.323337
vt 0.656631 0.323337
vt 0.662809 0.323337
vt 0.675322 0.323337
vt 0.650341 0.359262
vt 0.656631 0.359262
vt 0.662822 0.359262
vt 0.669078 0.359262
vt 0.650341 0.395187
vt 0.656631 0.395187
vt 0.662822 0.395187
vt 0.669078 0.395187
vt 0.650341 0.431111
vt 0.656631 0.431111
vt 0.650358 0.467036
vt 0.656614 0.467036
vt 0.662776 0.431111
vt 0.675356 0.431111
vt 0.619162 0.143714
vt 0.644187 0.143714
vt 0.662805 0.467036
vt 0.669095 0.467036
vt 0.619199 0.179639
vt 0.625455 0.179639
vt 0.631646 0.179639
vt 0.637936 0.179639
vt 0.619162 0.215564
vt 0.644187 0.215564
vt 0.619182 0.251488
vt 0.625472 0.251488
vt 0.619162 0.287413
vt 0.644187 0.287413
vt 0.631646 0.251488
vt 0.637936 0.251488
vt 0.619199 0.323337
vt 0.625455 0.323337
vt 0.631646 0.323337
vt 0.637936 0.323337
vt 0.619199 0.359262
vt 0.625455 0.359262
vt 0.631616 0.359262
vt 0.644197 0.359262
vt 0.619199 0.395187
vt 0.625455 0.395187
vt 0.631646 0.395187
vt 0.637936 0.395187
vt 0.619199 0.431111
vt 0.625455 0.431111
vt 0.631616 0.431111
vt 0.644197 0.431111
vt 0.619199 0.467036
vt 0.625455 0.467036
vt 0.631646 0.467036
vt 0.637936 0.467036
vt 0.681639 0.143714
vt 0.687896 0.143714
vt 0.694057 0.143714
vt 0.706637 0.143714
vt 0.681639 0.179639
vt 0.687896 0.179639
vt 0.681622 0.215564
vt 0.687913 0.215564
vt 0.681639 0.251488
vt 0.687896 0.251488
vt 0.712784 0.143714
vt 0.731655 0.143714
vt 0.681639 0.287413
vt 0.687896 0.287413
vt 0.712784 0.179639
vt 0.731655 0.179639
vt 0.694091 0.179639
vt 0.706603 0.179639
vt 0.681622 0.323337
vt 0.687913 0.323337
vt 0.681639 0.359262
vt 0.687896 0.359262
vt 0.681622 0.395187
vt 0.687913 0.395187
vt 0.681639 0.431111
vt 0.687896 0.431111
vt 0.681622 0.467036
vt 0.687913 0.467036
vt 0.694103 0.215564
vt 0.700359 0.215564
vt 0.694086 0.251488
vt 0.700376 0.251488
vt 0.694103 0.287413
vt 0.700359 0.287413
vt 0.694086 0.323337
vt 0.700376 0.323337
vt 0.694091 0.359262
vt 0.706603 0.359262
vt 0.694086 0.395187
vt 0.700376 0.395187
vt 0.694103 0.431111
vt 0.700359 0.431111
vt 0.694086 0.467036
vt 0.700376 0.467036
vt 0.712774 0.215564
vt 0.731543 0.215564
vt 0.737807 0.143714
vt 0.775549 0.143714
vt 0.712798 0.251488
vt 0.719055 0.251488
vt 0.781672 0.143714
vt 0.806833 0.143714
vt 0.725262 0.251488
vt 0.731518 0.251488
vt 0.812958 0.143714
vt 0.86328 0.143714
vt 0.869437 0.143714
vt 0.88195 0.143714
vt 0.888099 0.143714
vt 0.900679 0.143714
vt 0.90684 0.143714
vt 0.913097 0.143714
vt 0.919287 0.143714
vt 0.925577 0.143714
vt 0.931768 0.143714
vt 0.938024 0.143714
vt 0.944217 0.143714
vt 0.963088 0.143714
vt 0.969281 0.143714
vt 0.975537 0.143714
vt 0.981727 0.143714
vt 0.988018 0.143714
vt 0.712799 0.287413
vt 0.719055 0.287413
vt 0.712752 0.323337
vt 0.725333 0.323337
vt 0.725262 0.287413
vt 0.731518 0.287413
vt 0.712782 0.359262
vt 0.719072 0.359262
vt 0.725262 0.359262
vt 0.731518 0.359262
vt 0.712781 0.395187
vt 0.719072 0.395187
vt 0.725262 0.395187
vt 0.731518 0.395187
vt 0.712781 0.431111
vt 0.719072 0.431111
vt 0.712798 0.467036
vt 0.719055 0.467036
vt 0.737834 0.179639
vt 0.756704 0.179639
vt 0.725262 0.431111
vt 0.731518 0.431111
vt 0.762888 0.179639
vt 0.80692 0.179639
vt 0.725262 0.467036
vt 0.731518 0.467036
vt 0.813072 0.179639
vt 0.825653 0.179639
vt 0.831814 0.179639
vt 0.83807 0.179639
vt 0.844263 0.179639
vt 0.863134 0.179639
vt 0.869327 0.179639
vt 0.875584 0.179639
vt 0.881774 0.179639
vt 0.888064 0.179639
vt 0.894242 0.179639
vt 0.906755 0.179639
vt 0.912938 0.179639
vt 0.94439 0.179639
vt 0.950585 0.179639
vt 0.956842 0.179639
vt 0.762857 0.215564
vt 0.800598 0.215564
vt 0.963049 0.179639
vt 0.969305 0.179639
vt 0.975466 0.179639
vt 0.988047 0.179639
vt 0.806765 0.215564
vt 0.813021 0.215564
vt 0.819211 0.215564
vt 0.825502 0.215564
vt 0.831692 0.215564
vt 0.837948 0.215564
vt 0.844139 0.215564
vt 0.850429 0.215564
vt 0.856619 0.215564
vt 0.862875 0.215564
vt 0.869066 0.215564
vt 0.875356 0.215564
vt 0.881547 0.215564
vt 0.887803 0.215564
vt 0.893964 0.215564
vt 0.906544 0.215564
vt 0.912706 0.215564
vt 0.918962 0.215564
vt 0.925123 0.215564
vt 0.937704 0.215564
vt 0.943865 0.215564
vt 0.950121 0.215564
vt 0.956311 0.215564
vt 0.962602 0.215564
vt 0.968792 0.215564
vt 0.975048 0.215564
vt 0.981239 0.215564
vt 0.987529 0.215564
vt 0.993719 0.215564
vt 0.999976 0.215564
vt 0.737802 0.215564
vt 0.750382 0.215564
vt 0.737848 0.251488
vt 0.744104 0.251488
vt 0.750295 0.251488
vt 0.756585 0.251488
vt 0.737848 0.287413
vt 0.744104 0.287413
vt 0.750295 0.287413
vt 0.756585 0.287413
vt 0.737848 0.323337
vt 0.744104 0.323337
vt 0.750295 0.323337
vt 0.756585 0.323337
vt 0.737836 0.359262
vt 0.750348 0.359262
vt 0.737834 0.395187
vt 0.756704 0.395187
vt 0.737848 0.431111
vt 0.744104 0.431111
vt 0.762851 0.251488
vt 0.775432 0.251488
vt 0.737848 0.467036
vt 0.744104 0.467036
vt 0.781549 0.251488
vt 0.80671 0.251488
vt 0.750312 0.431111
vt 0.756568 0.431111
vt 0.781549 0.287413
vt 0.80671 0.287413
vt 0.750312 0.467036
vt 0.756568 0.467036
vt 0.76288 0.287413
vt 0.769171 0.287413
vt 0.762885 0.323337
vt 0.775398 0.323337
vt 0.76288 0.359262
vt 0.769171 0.359262
vt 0.762885 0.395187
vt 0.775398 0.395187
vt 0.76288 0.431111
vt 0.769171 0.431111
vt 0.762897 0.467036
vt 0.769154 0.467036
vt 0.781576 0.323337
vt 0.787866 0.323337
vt 0.794057 0.323337
vt 0.800313 0.323337
vt 0.781576 0.359262
vt 0.787866 0.359262
vt 0.794044 0.359262
vt 0.806557 0.359262
vt 0.781576 0.395187
vt 0.787866 0.395187
vt 0.794057 0.395187
vt 0.800313 0.395187
vt 0.781576 0.431111
vt 0.787866 0.431111
vt 0.781593 0.467036
vt 0.787849 0.467036
vt 0.79404 0.431111
vt 0.80033 0.431111
vt 0.81285 0.251488
vt 0.831619 0.251488
vt 0.79404 0.467036
vt 0.80033 0.467036
vt 0.837765 0.251488
vt 0.86279 0.251488
vt 0.868944 0.251488
vt 0.875234 0.251488
vt 0.881424 0.251488
vt 0.887681 0.251488
vt 0.893871 0.251488
vt 0.900161 0.251488
vt 0.906352 0.251488
vt 0.912608 0.251488
vt 0.918769 0.251488
vt 0.93135 0.251488
vt 0.937511 0.251488
vt 0.943767 0.251488
vt 0.949957 0.251488
vt 0.956248 0.251488
vt 0.962438 0.251488
vt 0.968694 0.251488
vt 0.974885 0.251488
vt 0.981175 0.251488
vt 0.987365 0.251488
vt 0.993622 0.251488
vt 0.812857 0.287413
vt 0.819147 0.287413
vt 0.825338 0.287413
vt 0.831594 0.287413
vt 0.812828 0.323337
vt 0.825409 0.323337
vt 0.812874 0.359262
vt 0.81913 0.359262
vt 0.837787 0.287413
vt 0.856658 0.287413
vt 0.862802 0.287413
vt 0.894083 0.287413
vt 0.825321 0.359262
vt 0.831611 0.359262
vt 0.812862 0.395187
vt 0.825375 0.395187
vt 0.812857 0.431111
vt 0.819147 0.431111
vt 0.90023 0.287413
vt 0.944024 0.287413
vt 0.825321 0.431111
vt 0.831611 0.431111
vt 0.812862 0.467036
vt 0.825375 0.467036
vt 0.950202 0.287413
vt 0.956492 0.287413
vt 0.962658 0.287413
vt 0.981427 0.287413
vt 0.987593 0.287413
vt 0.993883 0.287413
vt 0.837802 0.323337
vt 0.844058 0.323337
vt 0.850248 0.323337
vt 0.856538 0.323337
vt 0.837789 0.359262
vt 0.850302 0.359262
vt 0.837785 0.395187
vt 0.844075 0.395187
vt 0.837789 0.431111
vt 0.850302 0.431111
vt 0.850248 0.395187
vt 0.856538 0.395187
vt 0.837789 0.467036
vt 0.850302 0.467036
vt 0.862834 0.323337
vt 0.869124 0.323337
vt 0.875302 0.323337
vt 0.887815 0.323337
vt 0.862834 0.359262
vt 0.869124 0.359262
vt 0.862851 0.395187
vt 0.869107 0.395187
vt 0.862834 0.431111
vt 0.869124 0.431111
vt 0.862851 0.467036
vt 0.869107 0.467036
vt 0.875268 0.359262
vt 0.887849 0.359262
vt 0.875302 0.395187
vt 0.887815 0.395187
vt 0.875298 0.431111
vt 0.881588 0.431111
vt 0.893961 0.323337
vt 0.925243 0.323337
vt 0.875298 0.467036
vt 0.881588 0.467036
vt 0.931352 0.323337
vt 0.962634 0.323337
vt 0.968775 0.323337
vt 0.975065 0.323337
vt 0.981231 0.323337
vt 1 0.323337
vt 0.893993 0.359262
vt 0.900283 0.359262
vt 0.89401 0.395187
vt 0.900266 0.395187
vt 0.893993 0.431111
vt 0.900283 0.431111
vt 0.89401 0.467036
vt 0.900266 0.467036
vt 0.906457 0.359262
vt 0.912747 0.359262
vt 0.918925 0.359262
vt 0.931438 0.359262
vt 0.906457 0.395187
vt 0.912747 0.395187
vt 0.506611 0.503083
vt 0.569173 0.503083
vt 0.906457 0.431111
vt 0.912747 0.431111
vt 0.906474 0.467036
vt 0.91273 0.467036
vt 0.937619 0.359262
vt 0.956489 0.359262
vt 0.962682 0.359262
vt 0.968939 0.359262
vt 0.975129 0.359262
vt 0.981419 0.359262
vt 0.918925 0.395187
vt 0.931438 0.395187
vt 0.987593 0.359262
vt 0.993883 0.359262
vt 0.918937 0.431111
vt 0.925194 0.431111
vt 0.91892 0.467036
vt 0.925211 0.467036
vt 0.937621 0.395187
vt 0.950133 0.395187
vt 0.937616 0.431111
vt 0.943906 0.431111
vt 0.937621 0.467036
vt 0.950133 0.467036
vt 0.956311 0.395187
vt 0.962602 0.395187
vt 0.956328 0.431111
vt 0.962585 0.431111
vt 0.956311 0.467036
vt 0.962602 0.467036
vt 0.96878 0.395187
vt 0.981292 0.395187
vt 0.98747 0.395187
vt 0.993761 0.395187
vt 0.968792 0.431111
vt 0.975048 0.431111
vt 0.968775 0.467036
vt 0.975065 0.467036
vt 0.981256 0.431111
vt 0.987512 0.431111
vt 0.506613 0.029772
vt 0.519194 0.029772
vt 0.525355 0.029772
vt 0.562893 0.029772
vt 0.506643 0.0656967
vt 0.512933 0.0656967
vt 0.506647 0.101621
vt 0.51916 0.101621
vt 0.506643 0.137546
vt 0.512933 0.137546
vt 0.569051 0.029772
vt 0.600332 0.029772
vt 0.606447 0.029772
vt 0.631608 0.029772
vt 0.50666 0.173471
vt 0.512916 0.173471
vt 0.506642 0.209395
vt 0.512933 0.209395
vt 0.506659 0.24532
vt 0.512916 0.24532
vt 0.506642 0.281244
vt 0.512933 0.281244
vt 0.506659 0.317169
vt 0.512916 0.317169
vt 0.506643 0.353094
vt 0.512933 0.353094
vt 0.50666 0.389018
vt 0.512916 0.389018
vt 0.506613 0.424943
vt 0.519194 0.424943
vt 0.50666 0.460868
vt 0.512916 0.460868
vt 0.506613 0.496792
vt 0.519194 0.496792
vt 0.637772 0.029772
vt 0.644028 0.029772
vt 0.650219 0.029772
vt 0.656509 0.029772
vt 0.662699 0.029772
vt 0.668956 0.029772
vt 0.675152 0.029772
vt 0.706603 0.029772
vt 0.712798 0.029772
vt 0.719055 0.029772
vt 0.725245 0.029772
vt 0.731535 0.029772
vt 0.737714 0.029772
vt 0.750226 0.029772
vt 0.756404 0.029772
vt 0.762695 0.029772
vt 0.768885 0.029772
vt 0.775141 0.029772
vt 0.781332 0.029772
vt 0.787622 0.029772
vt 0.793812 0.029772
vt 0.800068 0.029772
vt 0.806259 0.029772
vt 0.812549 0.029772
vt 0.818739 0.029772
vt 0.824996 0.029772
vt 0.831186 0.029772
vt 0.837476 0.029772
vt 0.843655 0.029772
vt 0.856167 0.029772
vt 0.862345 0.029772
vt 0.868636 0.029772
vt 0.874789 0.029772
vt 0.899814 0.029772
vt 0.905973 0.029772
vt 0.937425 0.029772
vt 0.94362 0.029772
vt 0.949877 0.029772
vt 0.525346 0.0656967
vt 0.569378 0.0656967
vt 0.956084 0.029772
vt 0.96234 0.029772
vt 0.968504 0.029772
vt 0.993665 0.029772
vt 0.575576 0.0656967
vt 0.581832 0.0656967
vt 0.588023 0.0656967
vt 0.594313 0.0656967
vt 0.600503 0.0656967
vt 0.60676 0.0656967
vt 0.612921 0.0656967
vt 0.625501 0.0656967
vt 0.631663 0.0656967
vt 0.637919 0.0656967
vt 0.644109 0.0656967
vt 0.650399 0.0656967
vt 0.65659 0.0656967
vt 0.662846 0.0656967
vt 0.669039 0.0656967
vt 0.68791 0.0656967
vt 0.694103 0.0656967
vt 0.700359 0.0656967
vt 0.70655 0.0656967
vt 0.71284 0.0656967
vt 0.71903 0.0656967
vt 0.725287 0.0656967
vt 0.731448 0.0656967
vt 0.744028 0.0656967
vt 0.750189 0.0656967
vt 0.756446 0.0656967
vt 0.762636 0.0656967
vt 0.768926 0.0656967
vt 0.775092 0.0656967
vt 0.793861 0.0656967
vt 0.799998 0.0656967
vt 0.812578 0.0656967
vt 0.818739 0.0656967
vt 0.824996 0.0656967
vt 0.831162 0.0656967
vt 0.868904 0.0656967
vt 0.87507 0.0656967
vt 0.881327 0.0656967
vt 0.88749 0.0656967
vt 0.912651 0.0656967
vt 0.918815 0.0656967
vt 0.925072 0.0656967
vt 0.931265 0.0656967
vt 0.950135 0.0656967
vt 0.956328 0.0656967
vt 0.962585 0.0656967
vt 0.968775 0.0656967
vt 0.975065 0.0656967
vt 0.981256 0.0656967
vt 0.987512 0.0656967
vt 0.993702 0.0656967
vt 0.999993 0.0656967
vt 0.525355 0.101621
vt 0.531611 0.101621
vt 0.537807 0.101621
vt 0.569258 0.101621
vt 0.525355 0.137546
vt 0.531611 0.137546
vt 0.575413 0.101621
vt 0.613155 0.101621
vt 0.525355 0.173471
vt 0.531611 0.173471
vt 0.525338 0.209395
vt 0.531628 0.209395
vt 0.619297 0.101621
vt 0.638066 0.101621
vt 0.525338 0.24532
vt 0.531628 0.24532
vt 0.525355 0.281244
vt 0.531611 0.281244
vt 0.644202 0.101621
vt 0.656783 0.101621
vt 0.525355 0.317169
vt 0.531611 0.317169
vt 0.525338 0.353094
vt 0.531628 0.353094
vt 0.525355 0.389018
vt 0.531611 0.389018
vt 0.525338 0.424943
vt 0.531628 0.424943
vt 0.525355 0.460868
vt 0.531611 0.460868
vt 0.525338 0.496792
vt 0.531628 0.496792
vt 0.662944 0.101621
vt 0.6692 0.101621
vt 0.675361 0.101621
vt 0.687942 0.101621
vt 0.694103 0.101621
vt 0.700359 0.101621
vt 0.70655 0.101621
vt 0.71284 0.101621
vt 0.71903 0.101621
vt 0.725287 0.101621
vt 0.731477 0.101621
vt 0.737767 0.101621
vt 0.743958 0.101621
vt 0.750214 0.101621
vt 0.756404 0.101621
vt 0.762695 0.101621
vt 0.768885 0.101621
vt 0.775141 0.101621
vt 0.781332 0.101621
vt 0.787622 0.101621
vt 0.793812 0.101621
vt 0.800068 0.101621
vt 0.806264 0.101621
vt 0.837715 0.101621
vt 0.843911 0.101621
vt 0.850167 0.101621
vt 0.85636 0.101621
vt 0.875231 0.101621
vt 0.881424 0.101621
vt 0.887681 0.101621
vt 0.893874 0.101621
vt 0.912744 0.101621
vt 0.918937 0.101621
vt 0.925194 0.101621
vt 0.931384 0.101621
vt 0.937674 0.101621
vt 0.943865 0.101621
vt 0.950121 0.101621
vt 0.956311 0.101621
vt 0.962602 0.101621
vt 0.968768 0.101621
vt 0.987536 0.101621
vt 0.993702 0.101621
vt 0.999993 0.101621
vt 0.537819 0.137546
vt 0.544075 0.137546
vt 0.550265 0.137546
vt 0.556556 0.137546
vt 0.562746 0.137546
vt 0.569002 0.137546
vt 0.537802 0.173471
vt 0.544092 0.173471
vt 0.55027 0.173471
vt 0.562783 0.173471
vt 0.537802 0.209395
vt 0.544092 0.209395
vt 0.55027 0.209395
vt 0.562783 0.209395
vt 0.537802 0.24532
vt 0.544092 0.24532
vt 0.55027 0.24532
vt 0.562783 0.24532
vt 0.537802 0.281244
vt 0.544092 0.281244
vt 0.55027 0.281244
vt 0.562783 0.281244
vt 0.537802 0.317169
vt 0.544092 0.317169
vt 0.537782 0.353094
vt 0.562807 0.353094
vt 0.550265 0.317169
vt 0.556556 0.317169
vt 0.562746 0.317169
vt 0.569002 0.317169
vt 0.537772 0.389018
vt 0.550353 0.389018
vt 0.556514 0.389018
vt 0.56277 0.389018
vt 0.537802 0.424943
vt 0.544092 0.424943
vt 0.537819 0.460868
vt 0.544075 0.460868
vt 0.537802 0.496792
vt 0.544092 0.496792
vt 0.550282 0.424943
vt 0.556539 0.424943
vt 0.562729 0.424943
vt 0.569019 0.424943
vt 0.550282 0.460868
vt 0.556539 0.460868
vt 0.550265 0.496792
vt 0.556556 0.496792
vt 0.562746 0.460868
vt 0.569002 0.460868
vt 0.575408 0.137546
vt 0.587988 0.137546
vt 0.562746 0.496792
vt 0.569002 0.496792
vt 0.594135 0.137546
vt 0.613006 0.137546
vt 0.619162 0.137546
vt 0.644187 0.137546
vt 0.575437 0.173471
vt 0.581727 0.173471
vt 0.650358 0.137546
vt 0.687896 0.137546
vt 0.575437 0.209395
vt 0.581727 0.209395
vt 0.694091 0.137546
vt 0.737885 0.137546
vt 0.575437 0.24532
vt 0.581727 0.24532
vt 0.575454 0.281244
vt 0.58171 0.281244
vt 0.575437 0.317169
vt 0.581727 0.317169
vt 0.575454 0.353094
vt 0.58171 0.353094
vt 0.575437 0.389018
vt 0.581727 0.389018
vt 0.594125 0.173471
vt 0.612894 0.173471
vt 0.575437 0.424943
vt 0.581727 0.424943
vt 0.575442 0.460868
vt 0.587954 0.460868
vt 0.575437 0.496792
vt 0.581727 0.496792
vt 0.594137 0.209395
vt 0.60665 0.209395
vt 0.594132 0.24532
vt 0.600423 0.24532
vt 0.606613 0.24532
vt 0.612869 0.24532
vt 0.594132 0.281244
vt 0.600423 0.281244
vt 0.606613 0.281244
vt 0.612869 0.281244
vt 0.594132 0.317169
vt 0.600423 0.317169
vt 0.606613 0.317169
vt 0.612869 0.317169
vt 0.594132 0.353094
vt 0.600423 0.353094
vt 0.606613 0.353094
vt 0.612869 0.353094
vt 0.594132 0.389018
vt 0.600423 0.389018
vt 0.744043 0.137546
vt 0.769068 0.137546
vt 0.606596 0.389018
vt 0.612886 0.389018
vt 0.77519 0.137546
vt 0.806471 0.137546
vt 0.594132 0.424943
vt 0.600423 0.424943
vt 0.812593 0.137546
vt 0.837618 0.137546
vt 0.606596 0.424943
vt 0.612886 0.424943
vt 0.594149 0.460868
vt 0.600406 0.460868
vt 0.594132 0.496792
vt 0.600423 0.496792
vt 0.843777 0.137546
vt 0.856289 0.137546
vt 0.862438 0.137546
vt 0.875019 0.137546
vt 0.881131 0.137546
vt 0.912412 0.137546
vt 0.606614 0.460868
vt 0.608836 0.460868
vt 0.606613 0.496792
vt 0.612869 0.496792
vt 0.918572 0.137546
vt 0.920794 0.137546
vt 0.92699 0.137546
vt 0.939502 0.137546
vt 0.945681 0.137546
vt 0.951971 0.137546
vt 0.958125 0.137546
vt 0.98315 0.137546
vt 0.650314 0.173471
vt 0.675476 0.173471
vt 0.650346 0.209395
vt 0.662858 0.209395
vt 0.669037 0.209395
vt 0.675327 0.209395
vt 0.650346 0.24532
vt 0.662858 0.24532
vt 0.669037 0.24532
vt 0.675327 0.24532
vt 0.98932 0.137546
vt 0.995577 0.137546
vt 0.650341 0.281244
vt 0.656631 0.281244
vt 0.662809 0.281244
vt 0.675322 0.281244
vt 0.650341 0.317169
vt 0.656631 0.317169
vt 0.662822 0.317169
vt 0.669078 0.317169
vt 0.650341 0.353094
vt 0.656631 0.353094
vt 0.662809 0.353094
vt 0.675322 0.353094
vt 0.650341 0.389018
vt 0.656631 0.389018
vt 0.662822 0.389018
vt 0.669078 0.389018
vt 0.650341 0.424943
vt 0.656631 0.424943
vt 0.662822 0.424943
vt 0.669078 0.424943
vt 0.650341 0.460868
vt 0.656631 0.460868
vt 0.650358 0.496792
vt 0.656614 0.496792
vt 0.662776 0.460868
vt 0.675356 0.460868
vt 0.619162 0.173471
vt 0.644187 0.173471
vt 0.662805 0.496792
vt 0.669095 0.496792
vt 0.619199 0.209395
vt 0.625455 0.209395
vt 0.631646 0.209395
vt 0.637936 0.209395
vt 0.619162 0.24532
vt 0.644187 0.24532
vt 0.619182 0.281244
vt 0.625472 0.281244
vt 0.619162 0.317169
vt 0.644187 0.317169
vt 0.631646 0.281244
vt 0.637936 0.281244
vt 0.619199 0.353094
vt 0.625455 0.353094
vt 0.631646 0.353094
vt 0.637936 0.353094
vt 0.619199 0.389018
vt 0.625455 0.389018
vt 0.631616 0.389018
vt 0.644197 0.389018
vt 0.619199 0.424943
vt 0.625455 0.424943
vt 0.631646 0.424943
vt 0.637936 0.424943
vt 0.619199 0.460868
vt 0.625455 0.460868
vt 0.631616 0.460868
vt 0.644197 0.460868
vt 0.619199 0.496792
vt 0.625455 0.496792
vt 0.631646 0.496792
vt 0.637936 0.496792
vt 0.681639 0.173471
vt 0.687896 0.173471
vt 0.694057 0.173471
vt 0.706637 0.173471
vt 0.681639 0.209395
vt 0.687896 0.209395
vt 0.681622 0.24532
vt 0.687913 0.24532
vt 0.681639 0.281244
vt 0.687896 0.281244
vt 0.712784 0.173471
vt 0.731655 0.173471
vt 0.681639 0.317169
vt 0.687896 0.317169
vt 0.712784 0.209395
vt 0.731655 0.209395
vt 0.694091 0.209395
vt 0.706603 0.209395
vt 0.681622 0.353094
vt 0.687913 0.353094
vt 0.681639 0.389018
vt 0.687896 0.389018
vt 0.681622 0.424943
vt 0.687913 0.424943
vt 0.681639 0.460868
vt 0.687896 0.460868
vt 0.681622 0.496792
vt 0.687913 0.496792
vt 0.694103 0.24532
vt 0.700359 0.24532
vt 0.694086 0.281244
vt 0.700376 0.281244
vt 0.694103 0.317169
vt 0.700359 0.317169
vt 0.694086 0.353094
vt 0.700376 0.353094
vt 0.694091 0.389018
vt 0.706603 0.389018
vt 0.694086 0.424943
vt 0.700376 0.424943
vt 0.694103 0.460868
vt 0.700359 0.460868
vt 0.694086 0.496792
vt 0.700376 0.496792
vt 0.712774 0.24532
vt 0.731543 0.24532
vt 0.737807 0.173471
vt 0.775549 0.173471
vt 0.712798 0.281244
vt 0.719055 0.281244
vt 0.781672 0.173471
vt 0.806833 0.173471
vt 0.725262 0.281244
vt 0.731518 0.281244
vt 0.812958 0.173471
vt 0.86328 0.173471
vt 0.869437 0.173471
vt 0.88195 0.173471
vt 0.888099 0.173471
vt 0.900679 0.173471
vt 0.90684 0.173471
vt 0.913097 0.173471
vt 0.919287 0.173471
vt 0.925577 0.173471
vt 0.931768 0.173471
vt 0.938024 0.173471
vt 0.944217 0.173471
vt 0.963088 0.173471
vt 0.969281 0.173471
vt 0.975537 0.173471
vt 0.981727 0.173471
vt 0.988018 0.173471
vt 0.712799 0.317169
vt 0.719055 0.317169
vt 0.712752 0.353094
vt 0.725333 0.353094
vt 0.725262 0.317169
vt 0.731518 0.317169
vt 0.712782 0.389018
vt 0.719072 0.389018
vt 0.725262 0.389018
vt 0.731518 0.389018
vt 0.712781 0.424943
vt 0.719072 0.424943
vt 0.725262 0.424943
vt 0.731518 0.424943
vt 0.712781 0.460868
vt 0.719072 0.460868
vt 0.712798 0.496792
vt 0.719055 0.496792
vt 0.737834 0.209395
vt 0.756704 0.209395
vt 0.725262 0.460868
vt 0.731518 0.460868
vt 0.762888 0.209395
vt 0.80692 0.209395
vt 0.725262 0.496792
vt 0.731518 0.496792
vt 0.813072 0.209395
vt 0.825653 0.209395
vt 0.831814 0.209395
vt 0.83807 0.209395
vt 0.844263 0.209395
vt 0.863134 0.209395
vt 0.869327 0.209395
vt 0.875584 0.209395
vt 0.881774 0.209395
vt 0.888064 0.209395
vt 0.894242 0.209395
vt 0.906755 0.209395
vt 0.912938 0.209395
vt 0.94439 0.209395
vt 0.950585 0.209395
vt 0.956842 0.209395
vt 0.762857 0.24532
vt 0.800598 0.24532
vt 0.963049 0.209395
vt 0.969305 0.209395
vt 0.975466 0.209395
vt 0.988047 0.209395
vt 0.806765 0.24532
vt 0.813021 0.24532
vt 0.819211 0.24532
vt 0.825502 0.24532
vt 0.831692 0.24532
vt 0.837948 0.24532
vt 0.844139 0.24532
vt 0.850429 0.24532
vt 0.856619 0.24532
vt 0.862875 0.24532
vt 0.869066 0.24532
vt 0.875356 0.24532
vt 0.881547 0.24532
vt 0.887803 0.24532
vt 0.893964 0.24532
vt 0.906544 0.24532
vt 0.912706 0.24532
vt 0.918962 0.24532
vt 0.925123 0.24532
vt 0.937704 0.24532
vt 0.943865 0.24532
vt 0.950121 0.24532
vt 0.956311 0.24532
vt 0.962602 0.24532
vt 0.968792 0.24532
vt 0.975048 0.24532
vt 0.981239 0.24532
vt 0.987529 0.24532
vt 0.993719 0.24532
vt 0.999976 0.24532
vt 0.737802 0.24532
vt 0.750382 0.24532
vt 0.737848 0.281244
vt 0.744104 0.281244
vt 0.750295 0.281244
vt 0.756585 0.281244
vt 0.737848 0.317169
vt 0.744104 0.317169
vt 0.750295 0.317169
vt 0.756585 0.317169
vt 0.737848 0.353094
vt 0.744104 0.353094
vt 0.750295 0.353094
vt 0.756585 0.353094
vt 0.737836 0.389018
vt 0.750348 0.389018
vt 0.737834 0.424943
vt 0.756704 0.424943
vt 0.737848 0.460868
vt 0.744104 0.460868
vt 0.762851 0.281244
vt 0.775432 0.281244
vt 0.737848 0.496792
vt 0.744104 0.496792
vt 0.781549 0.281244
vt 0.80671 0.281244
vt 0.750312 0.460868
vt 0.756568 0.460868
vt 0.781549 0.317169
vt 0.80671 0.317169
vt 0.750312 0.496792
vt 0.756568 0.496792
vt 0.76288 0.317169
vt 0.769171 0.317169
vt 0.762885 0.353094
vt 0.775398 0.353094
vt 0.76288 0.389018
vt 0.769171 0.389018
vt 0.762885 0.424943
vt 0.775398 0.424943
vt 0.76288 0.460868
vt 0.769171 0.460868
vt 0.762897 0.496792
vt 0.769154 0.496792
vt 0.781576 0.353094
vt 0.787866 0.353094
vt 0.794057 0.353094
vt 0.800313 0.353094
vt 0.781576 0.389018
vt 0.787866 0.389018
vt 0.794044 0.389018
vt 0.806557 0.389018
vt 0.781576 0.424943
vt 0.787866 0.424943
vt 0.794057 0.424943
vt 0.800313 0.424943
vt 0.781576 0.460868
vt 0.787866 0.460868
vt 0.781593 0.496792
vt 0.787849 0.496792
vt 0.79404 0.460868
vt 0.80033 0.460868
vt 0.81285 0.281244
vt 0.831619 0.281244
vt 0.79404 0.496792
vt 0.80033 0.496792
vt 0.837765 0.281244
vt 0.86279 0.281244
vt 0.868944 0.281244
vt 0.875234 0.281244
vt 0.881424 0.281244
vt 0.887681 0.281244
vt 0.893871 0.281244
vt 0.900161 0.281244
vt 0.906352 0.281244
vt 0.912608 0.281244
vt 0.918769 0.281244
vt 0.93135 0.281244
vt 0.937511 0.281244
vt 0.943767 0.281244
vt 0.949957 0.281244
vt 0.956248 0.281244
vt 0.962438 0.281244
vt 0.968694 0.281244
vt 0.974885 0.281244
vt 0.981175 0.281244
vt 0.987365 0.281244
vt 0.993622 0.281244
vt 0.812857 0.317169
vt 0.819147 0.317169
vt 0.825338 0.317169
vt 0.831594 0.317169
vt 0.812828 0.353094
vt 0.825409 0.353094
vt 0.812874 0.389018
vt 0.81913 0.389018
vt 0.837787 0.317169
vt 0.856658 0.317169
vt 0.862802 0.317169
vt 0.894083 0.317169
vt 0.825321 0.389018
vt 0.831611 0.389018
vt 0.812862 0.424943
vt 0.825375 0.424943
vt 0.812857 0.460868
vt 0.819147 0.460868
vt 0.90023 0.317169
vt 0.944024 0.317169
vt 0.825321 0.460868
vt 0.831611 0.460868
vt 0.812862 0.496792
vt 0.825375 0.496792
vt 0.950202 0.317169
vt 0.956492 0.317169
vt 0.962658 0.317169
vt 0.981427 0.317169
vt 0.987593 0.317169
vt 0.993883 0.317169
vt 0.837802 0.353094
vt 0.844058 0.353094
vt 0.850248 0.353094
vt 0.856538 0.353094
vt 0.837789 0.389018
vt 0.850302 0.389018
vt 0.837785 0.424943
vt 0.844075 0.424943
vt 0.837789 0.460868
vt 0.850302 0.460868
vt 0.850248 0.424943
vt 0.856538 0.424943
vt 0.837789 0.496792
vt 0.850302 0.496792
vt 0.862834 0.353094
vt 0.869124 0.353094
vt 0.875302 0.353094
vt 0.887815 0.353094
vt 0.862834 0.389018
vt 0.869124 0.389018
vt 0.862851 0.424943
vt 0.869107 0.424943
vt 0.862834 0.460868
vt 0.869124 0.460868
vt 0.862851 0.496792
vt 0.869107 0.496792
vt 0.875268 0.389018
vt 0.887849 0.389018
vt 0.875302 0.424943
vt 0.887815 0.424943
vt 0.875298 0.460868
vt 0.881588 0.460868
vt 0.893961 0.353094
vt 0.925243 0.353094
vt 0.875298 0.496792
vt 0.881588 0.496792
vt 0.931352 0.353094
vt 0.962634 0.353094
vt 0.968775 0.353094
vt 0.975065 0.353094
vt 0.981231 0.353094
vt 1 0.353094
vt 0.893993 0.389018
vt 0.900283 0.389018
vt 0.89401 0.424943
vt 0.900266 0.424943
vt 0.893993 0.460868
vt 0.900283 0.460868
vt 0.89401 0.496792
vt 0.900266 0.496792
vt 0.906457 0.389018
vt 0.912747 0.389018
vt 0.918925 0.389018
vt 0.931438 0.389018
vt 0.906457 0.424943
vt 0.912747 0.424943
vt 0.506611 0.532839
vt 0.569173 0.532839
vt 0.906457 0.460868
vt 0.912747 0.460868
vt 0.906474 0.496792
vt 0.91273 0.496792
vt 0.937619 0.389018
vt 0.956489 0.389018
vt 0.962682 0.389018
vt 0.968939 0.389018
vt 0.975129 0.389018
vt 0.981419 0.389018
vt 0.918925 0.424943
vt 0.931438 0.424943
vt 0.987593 0.389018
vt 0.993883 0.389018
vt 0.918937 0.460868
vt 0.925194 0.460868
vt 0.91892 0.496792
vt 0.925211 0.496792
vt 0.937621 0.424943
vt 0.950133 0.424943
vt 0.937616 0.460868
vt 0.943906 0.460868
vt 0.937621 0.496792
vt 0.950133 0.496792
vt 0.956311 0.424943
vt 0.962602 0.424943
vt 0.956328 0.460868
vt 0.962585 0.460868
vt 0.956311 0.496792
vt 0.962602 0.496792
vt 0.96878 0.424943
vt 0.981292 0.424943
vt 0.98747 0.424943
vt 0.993761 0.424943
vt 0.968792 0.460868
vt 0.975048 0.460868
vt 0.968775 0.496792
vt 0.975065 0.496792
vt 0.981256 0.460868
vt 0.987512 0.460868
vt 0.512904 0.0148939
vt 0.544124 0.0148939
vt 0.509788 0.0508185
vt 0.512904 0.0867432
vt 0.509788 0.122668
vt 0.584692 0.0148939
vt 0.619028 0.0148939
vt 0.509788 0.158592
vt 0.509788 0.194517
vt 0.509788 0.230442
vt 0.509788 0.266366
vt 0.509788 0.302291
vt 0.509788 0.338216
vt 0.509788 0.37414
vt 0.512904 0.410065
vt 0.509788 0.445989
vt 0.512904 0.481914
vt 0.6409 0.0148939
vt 0.653364 0.0148939
vt 0.665828 0.0148939
vt 0.690877 0.0148939
vt 0.715927 0.0148939
vt 0.72839 0.0148939
vt 0.74397 0.0148939
vt 0.759549 0.0148939
vt 0.772013 0.0148939
vt 0.784477 0.0148939
vt 0.79694 0.0148939
vt 0.809404 0.0148939
vt 0.821868 0.0148939
vt 0.834331 0.0148939
vt 0.849911 0.0148939
vt 0.86549 0.0148939
vt 0.887302 0.0148939
vt 0.921699 0.0148939
vt 0.946748 0.0148939
vt 0.547362 0.0508185
vt 0.959212 0.0148939
vt 0.981085 0.0148939
vt 0.578704 0.0508185
vt 0.591168 0.0508185
vt 0.603632 0.0508185
vt 0.619211 0.0508185
vt 0.634791 0.0508185
vt 0.647254 0.0508185
vt 0.659718 0.0508185
vt 0.678475 0.0508185
vt 0.697231 0.0508185
vt 0.709695 0.0508185
vt 0.722158 0.0508185
vt 0.737738 0.0508185
vt 0.753318 0.0508185
vt 0.765781 0.0508185
vt 0.784477 0.0508185
vt 0.806288 0.0508185
vt 0.821868 0.0508185
vt 0.850033 0.0508185
vt 0.878198 0.0508185
vt 0.900071 0.0508185
vt 0.921943 0.0508185
vt 0.9407 0.0508185
vt 0.959457 0.0508185
vt 0.97192 0.0508185
vt 0.984384 0.0508185
vt 0.996847 0.0508185
vt 0.528483 0.0867432
vt 0.553533 0.0867432
vt 0.528483 0.122668
vt 0.594284 0.0867432
vt 0.528483 0.158592
vt 0.528483 0.194517
vt 0.628681 0.0867432
vt 0.528483 0.230442
vt 0.528483 0.266366
vt 0.650492 0.0867432
vt 0.528483 0.302291
vt 0.528483 0.338216
vt 0.528483 0.37414
vt 0.528483 0.410065
vt 0.528483 0.445989
vt 0.528483 0.481914
vt 0.666072 0.0867432
vt 0.681652 0.0867432
vt 0.697231 0.0867432
vt 0.709695 0.0867432
vt 0.722158 0.0867432
vt 0.734622 0.0867432
vt 0.747086 0.0867432
vt 0.759549 0.0867432
vt 0.772013 0.0867432
vt 0.784477 0.0867432
vt 0.79694 0.0867432
vt 0.82199 0.0867432
vt 0.847039 0.0867432
vt 0.865796 0.0867432
vt 0.884552 0.0867432
vt 0.903309 0.0867432
vt 0.922066 0.0867432
vt 0.934529 0.0867432
vt 0.946993 0.0867432
vt 0.959457 0.0867432
vt 0.978152 0.0867432
vt 0.996847 0.0867432
vt 0.540947 0.122668
vt 0.55341 0.122668
vt 0.565874 0.122668
vt 0.540947 0.158592
vt 0.556526 0.158592
vt 0.540947 0.194517
vt 0.556526 0.194517
vt 0.540947 0.230442
vt 0.556526 0.230442
vt 0.540947 0.266366
vt 0.556526 0.266366
vt 0.540947 0.302291
vt 0.550295 0.338216
vt 0.55341 0.302291
vt 0.565874 0.302291
vt 0.544063 0.37414
vt 0.559642 0.37414
vt 0.540947 0.410065
vt 0.540947 0.445989
vt 0.540947 0.481914
vt 0.55341 0.410065
vt 0.565874 0.410065
vt 0.55341 0.445989
vt 0.55341 0.481914
vt 0.565874 0.445989
vt 0.581698 0.122668
vt 0.565874 0.481914
vt 0.60357 0.122668
vt 0.631675 0.122668
vt 0.578582 0.158592
vt 0.669127 0.122668
vt 0.578582 0.194517
vt 0.715988 0.122668
vt 0.578582 0.230442
vt 0.578582 0.266366
vt 0.578582 0.302291
vt 0.578582 0.338216
vt 0.578582 0.37414
vt 0.603509 0.158592
vt 0.578582 0.410065
vt 0.581698 0.445989
vt 0.578582 0.481914
vt 0.600393 0.194517
vt 0.597278 0.230442
vt 0.609741 0.230442
vt 0.597278 0.266366
vt 0.609741 0.266366
vt 0.597278 0.302291
vt 0.609741 0.302291
vt 0.597278 0.338216
vt 0.609741 0.338216
vt 0.597278 0.37414
vt 0.756556 0.122668
vt 0.609741 0.37414
vt 0.790831 0.122668
vt 0.597278 0.410065
vt 0.825106 0.122668
vt 0.609741 0.410065
vt 0.597278 0.445989
vt 0.597278 0.481914
vt 0.850033 0.122668
vt 0.868729 0.122668
vt 0.896772 0.122668
vt 0.607725 0.445989
vt 0.609741 0.481914
vt 0.919683 0.122668
vt 0.933246 0.122668
vt 0.948826 0.122668
vt 0.970637 0.122668
vt 0.662895 0.158592
vt 0.656602 0.194517
vt 0.672182 0.194517
vt 0.656602 0.230442
vt 0.672182 0.230442
vt 0.992449 0.122668
vt 0.653486 0.266366
vt 0.669066 0.266366
vt 0.653486 0.302291
vt 0.66595 0.302291
vt 0.653486 0.338216
vt 0.669066 0.338216
vt 0.653486 0.37414
vt 0.66595 0.37414
vt 0.653486 0.410065
vt 0.66595 0.410065
vt 0.653486 0.445989
vt 0.653486 0.481914
vt 0.669066 0.445989
vt 0.631675 0.158592
vt 0.66595 0.481914
vt 0.622327 0.194517
vt 0.634791 0.194517
vt 0.631675 0.230442
vt 0.622327 0.266366
vt 0.631675 0.302291
vt 0.634791 0.266366
vt 0.622327 0.338216
vt 0.634791 0.338216
vt 0.622327 0.37414
vt 0.637907 0.37414
vt 0.622327 0.410065
vt 0.634791 0.410065
vt 0.622327 0.445989
vt 0.637907 0.445989
vt 0.622327 0.481914
vt 0.634791 0.481914
vt 0.684767 0.158592
vt 0.700347 0.158592
vt 0.684767 0.194517
vt 0.684767 0.230442
vt 0.684767 0.266366
vt 0.72222 0.158592
vt 0.684767 0.302291
vt 0.72222 0.194517
vt 0.700347 0.194517
vt 0.684767 0.338216
vt 0.684767 0.37414
vt 0.684767 0.410065
vt 0.684767 0.445989
vt 0.684767 0.481914
vt 0.697231 0.230442
vt 0.697231 0.266366
vt 0.697231 0.302291
vt 0.697231 0.338216
vt 0.700347 0.37414
vt 0.697231 0.410065
vt 0.697231 0.445989
vt 0.697231 0.481914
vt 0.722158 0.230442
vt 0.756678 0.158592
vt 0.715927 0.266366
vt 0.794252 0.158592
vt 0.72839 0.266366
vt 0.838119 0.158592
vt 0.875693 0.158592
vt 0.894389 0.158592
vt 0.909969 0.158592
vt 0.922432 0.158592
vt 0.934896 0.158592
vt 0.953652 0.158592
vt 0.972409 0.158592
vt 0.984873 0.158592
vt 0.715927 0.302291
vt 0.719043 0.338216
vt 0.72839 0.302291
vt 0.715927 0.37414
vt 0.72839 0.37414
vt 0.715927 0.410065
vt 0.72839 0.410065
vt 0.715927 0.445989
vt 0.715927 0.481914
vt 0.747269 0.194517
vt 0.72839 0.445989
vt 0.784904 0.194517
vt 0.72839 0.481914
vt 0.819363 0.194517
vt 0.834942 0.194517
vt 0.853699 0.194517
vt 0.872455 0.194517
vt 0.884919 0.194517
vt 0.900499 0.194517
vt 0.928664 0.194517
vt 0.953713 0.194517
vt 0.781727 0.230442
vt 0.966177 0.194517
vt 0.981757 0.194517
vt 0.809893 0.230442
vt 0.822356 0.230442
vt 0.83482 0.230442
vt 0.847284 0.230442
vt 0.859747 0.230442
vt 0.872211 0.230442
vt 0.884675 0.230442
vt 0.900254 0.230442
vt 0.915834 0.230442
vt 0.931413 0.230442
vt 0.946993 0.230442
vt 0.959457 0.230442
vt 0.97192 0.230442
vt 0.984384 0.230442
vt 0.996847 0.230442
vt 0.744092 0.230442
vt 0.740976 0.266366
vt 0.75344 0.266366
vt 0.740976 0.302291
vt 0.75344 0.302291
vt 0.740976 0.338216
vt 0.75344 0.338216
vt 0.744092 0.37414
vt 0.747269 0.410065
vt 0.740976 0.445989
vt 0.769142 0.266366
vt 0.740976 0.481914
vt 0.79413 0.266366
vt 0.75344 0.445989
vt 0.79413 0.302291
vt 0.75344 0.481914
vt 0.766026 0.302291
vt 0.769142 0.338216
vt 0.766026 0.37414
vt 0.769142 0.410065
vt 0.766026 0.445989
vt 0.766026 0.481914
vt 0.784721 0.338216
vt 0.797185 0.338216
vt 0.784721 0.37414
vt 0.800301 0.37414
vt 0.784721 0.410065
vt 0.797185 0.410065
vt 0.784721 0.445989
vt 0.784721 0.481914
vt 0.797185 0.445989
vt 0.822234 0.266366
vt 0.797185 0.481914
vt 0.850277 0.266366
vt 0.872089 0.266366
vt 0.884552 0.266366
vt 0.897016 0.266366
vt 0.90948 0.266366
vt 0.925059 0.266366
vt 0.940639 0.266366
vt 0.953103 0.266366
vt 0.965566 0.266366
vt 0.97803 0.266366
vt 0.990493 0.266366
vt 0.816002 0.302291
vt 0.828466 0.302291
vt 0.819118 0.338216
vt 0.816002 0.37414
vt 0.847223 0.302291
vt 0.878443 0.302291
vt 0.828466 0.37414
vt 0.819118 0.410065
vt 0.816002 0.445989
vt 0.922127 0.302291
vt 0.828466 0.445989
vt 0.819118 0.481914
vt 0.953347 0.302291
vt 0.972042 0.302291
vt 0.990738 0.302291
vt 0.84093 0.338216
vt 0.853393 0.338216
vt 0.844046 0.37414
vt 0.84093 0.410065
vt 0.844046 0.445989
vt 0.853393 0.410065
vt 0.844046 0.481914
vt 0.865979 0.338216
vt 0.881559 0.338216
vt 0.865979 0.37414
vt 0.865979 0.410065
vt 0.865979 0.445989
vt 0.865979 0.481914
vt 0.881559 0.37414
vt 0.881559 0.410065
vt 0.878443 0.445989
vt 0.909602 0.338216
vt 0.878443 0.481914
vt 0.946993 0.338216
vt 0.97192 0.338216
vt 0.990616 0.338216
vt 0.897138 0.37414
vt 0.897138 0.410065
vt 0.897138 0.445989
vt 0.897138 0.481914
vt 0.909602 0.37414
vt 0.925181 0.37414
vt 0.909602 0.410065
vt 0.537892 0.517961
vt 0.909602 0.445989
vt 0.909602 0.481914
vt 0.947054 0.37414
vt 0.965811 0.37414
vt 0.978274 0.37414
vt 0.925181 0.410065
vt 0.990738 0.37414
vt 0.922066 0.445989
vt 0.922066 0.481914
vt 0.943877 0.410065
vt 0.940761 0.445989
vt 0.943877 0.481914
vt 0.959457 0.410065
vt 0.959457 0.445989
vt 0.959457 0.481914
vt 0.975036 0.410065
vt 0.990616 0.410065
vt 0.97192 0.445989
vt 0.97192 0.481914
vt 0.984384 0.445989


# Vertex Surface Normals: 
vn 0 0 1
vn 0 0 -1
vn 1 0 0
vn 1 0 0
vn 1 0 0
vn 1 0 0
vn 1 0 0
vn 0 1 0
vn 0 1 0
vn 0 1 0
vn 0 1 0
vn 0 1 0
vn -1 0 0
vn -1 0 0
vn -1 0 0
vn -1 0 0
vn -1 0 0
vn 0 1 0
vn 0 1 0
vn 0 1 0
vn 0 1 0
vn 0 1 0
vn -1 0 0
vn -1 0 0
vn -1 0 0
vn -1 0 0
vn -1 0 0
vn 0 1 0
vn 0 1 0
vn 0 1 0
vn 0 1 0
vn 0 1 0
vn 1 0 0
vn 1 0 0
vn 1 0 0
vn 1 0 0
vn 1 0 0
vn 0 -1 0
vn 0 -1 0
vn 0 -1 0
vn 0 -1 0
vn 0 -1 0
vn 1 0 0
vn 1 0 0
vn 1 0 0
vn 1 0 0
vn 1 0 0
vn 0 -1 0
vn 0 -1 0
vn 0 -1 0
vn 0 -1 0
vn 0 -1 0
vn 1 0 0
vn 1 0 0
vn 1 0 0
vn 1 0 0
vn 1 0 0
vn 0 -1 0
vn 0 -1 0
vn 0 -1 0
vn 0 -1 0
vn 0 -1 0
vn 1 0 0
vn 1 0 0
vn 1 0 0
vn 1 0 0
vn 1 0 0
vn 0 -1 0
vn 0 -1 0
vn 0 -1 0
vn 0 -1 0
vn 0 -1 0
vn 1 0 0
vn 1 0 0
vn 1 0 0
vn 1 0 0
vn 1 0 0
vn 0 -1 0
vn 0 -1 0
vn 0 -1 0
vn 0 -1 0
vn 0 -1 0
vn 1 0 0
vn 1 0 0
vn 1 0 0
vn 1 0 0
vn 1 0 0
vn 0 -1 0
vn 0 -1 0
vn 0 -1 0
vn 0 -1 0
vn 0 -1 0
vn 1 0 0
vn 1 0 0
vn 1 0 0
vn 1 0 0
vn 1 0 0
vn 0 -1 0
vn 0 -1 0
vn 0 -1 0
vn 0 -1 0
vn 0 -1 0
vn 1 0 0
vn 1 0 0
vn 1 0 0
vn 1 0 0
vn 1 0 0
vn 0 1 0
vn 0 1 0
vn 0 1 0
vn 0 1 0
vn 0 1 0
vn -1 0 0
vn -1 0 0
vn -1 0 0
vn -1 0 0
vn -1 0 0
vn 0 1 0
vn 0 1 0
vn 0 1 0
vn 0 1 0
vn 0 1 0
vn -1 0 0
vn -1 0 0
vn -1 0 0
vn -1 0 0
vn -1 0 0
vn 0 1 0
vn 0 1 0
vn 0 1 0
vn 0 1 0
vn 0 1 0
vn -1 0 0
vn -1 0 0
vn -1 0 0
vn -1 0 0
vn -1 0 0
vn 0 1 0
vn 0 1 0
vn 0 1 0
vn 0 1 0
vn 0 1 0
vn -1 0 0
vn -1 0 0
vn -1 0 0
vn -1 0 0
vn -1 0 0
vn 0 1 0
vn 0 1 0
vn 0 1 0
vn 0 1 0
vn 0 1 0
vn -1 0 0
vn -1 0 0
vn -1 0 0
vn -1 0 0
vn -1 0 0
vn 0 1 0
vn 0 1 0
vn 0 1 0
vn 0 1 0
vn 0 1 0
vn -1 0 0
vn -1 0 0
vn -1 0 0
vn -1 0 0
vn -1 0 0
vn 0 1 0
vn 0 1 0
vn 0 1 0
vn 0 1 0
vn 0 1 0
vn 1 0 0
vn 1 0 0
vn 1 0 0
vn 1 0 0
vn 1 0 0
vn 0 -1 0
vn 0 -1 0
vn 0 -1 0
vn 0 -1 0
vn 0 -1 0
vn 1 0 0
vn 1 0 0
vn 1 0 0
vn 1 0 0
vn 1 0 0
vn 0 -1 0
vn 0 -1 0
vn 0 -1 0
vn 0 -1 0
vn 0 -1 0
vn 1 0 0
vn 1 0 0
vn 1 0 0
vn 1 0 0
vn 1 0 0
vn 0 1 0
vn 0 1 0
vn 0 1 0
vn 0 1 0
vn 0 1 0
vn 1 0 0
vn 1 0 0
vn 1 0 0
vn 1 0 0
vn 1 0 0
vn 0 1 0
vn 0 1 0
vn 0 1 0
vn 0 1 0
vn 0 1 0
vn -1 0 0
vn -1 0 0
vn -1 0 0
vn -1 0 0
vn -1 0 0
vn 0 1 0
vn 0 1 0
vn 0 1 0
vn 0 1 0
vn 0 1 0
vn -1 0 0
vn -1 0 0
vn -1 0 0
vn -1 0 0
vn -1 0 0
vn 0 1 0
vn 0 1 0
vn 0 1 0
vn 0 1 0
vn 0 1 0
vn -1 0 0
vn -1 0 0
vn -1 0 0
vn -1 0 0
vn -1 0 0
vn 0 1 0
vn 0 1 0
vn 0 1 0
vn 0 1 0
vn 0 1 0
vn -1 0 0
vn -1 0 0
vn -1 0 0
vn -1 0 0
vn -1 0 0
vn 0 1 0
vn 0 1 0
vn 0 1 0
vn 0 1 0
vn 0 1 0
vn -1 0 0
vn -1 0 0
vn -1 0 0
vn -1 0 0
vn -1 0 0
vn 0 1 0
vn 0 1 0
vn 0 1 0
vn 0 1 0
vn 0 1 0
vn -1 0 0
vn -1 0 0
vn -1 0 0
vn -1 0 0
vn -1 0 0
vn 0 1 0
vn 0 1 0
vn 0 1 0
vn 0 1 0
vn 0 1 0
vn 1 0 0
vn 1 0 0
vn 1 0 0
vn 1 0 0
vn 1 0 0
vn 0 1 0
vn 0 1 0
vn 0 1 0
vn 0 1 0
vn 0 1 0
vn 1 0 0
vn 1 0 0
vn 1 0 0
vn 1 0 0
vn 1 0 0
vn 0 1 0
vn 0 1 0
vn 0 1 0
vn 0 1 0
vn 0 1 0
vn 1 0 0
vn 1 0 0
vn 1 0 0
vn 1 0 0
vn 1 0 0
vn 0 1 0
vn 0 1 0
vn 0 1 0
vn 0 1 0
vn 0 1 0
vn 1 0 0
vn 1 0 0
vn 1 0 0
vn 1 0 0
vn 1 0 0
vn 0 1 0
vn 0 1 0
vn 0 1 0
vn 0 1 0
vn 0 1 0
vn 1 0 0
vn 1 0 0
vn 1 0 0
vn 1 0 0
vn 1 0 0
vn 0 1 0
vn 0 1 0
vn 0 1 0
vn 0 1 0
vn 0 1 0
vn 1 0 0
vn 1 0 0
vn 1 0 0
vn 1 0 0
vn 1 0 0
vn 0 1 0
vn 0 1 0
vn 0 1 0
vn 0 1 0
vn 0 1 0
vn -1 0 0
vn -1 0 0
vn -1 0 0
vn -1 0 0
vn -1 0 0
vn 0 1 0
vn 0 1 0
vn 0 1 0
vn 0 1 0
vn 0 1 0
vn -1 0 0
vn -1 0 0
vn -1 0 0
vn -1 0 0
vn -1 0 0
vn 0 1 0
vn 0 1 0
vn 0 1 0
vn 0 1 0
vn 0 1 0
vn -1 0 0
vn -1 0 0
vn -1 0 0
vn -1 0 0
vn -1 0 0
vn 0 1 0
vn 0 1 0
vn 0 1 0
vn 0 1 0
vn 0 1 0
vn 1 0 0
vn 1 0 0
vn 1 0 0
vn 1 0 0
vn 1 0 0
vn 0 1 0
vn 0 1 0
vn 0 1 0
vn 0 1 0
vn 0 1 0
vn 1 0 0
vn 1 0 0
vn 1 0 0
vn 1 0 0
vn 1 0 0
vn 0 1 0
vn 0 1 0
vn 0 1 0
vn 0 1 0
vn 0 1 0
vn 1 0 0
vn 1 0 0
vn 1 0 0
vn 1 0 0
vn 1 0 0
vn 0 1 0
vn 0 1 0
vn 0 1 0
vn 0 1 0
vn 0 1 0
vn 1 0 0
vn 1 0 0
vn 1 0 0
vn 1 0 0
vn 1 0 0
vn 0 1 0
vn 0 1 0
vn 0 1 0
vn 0 1 0
vn 0 1 0
vn 1 0 0
vn 1 0 0
vn 1 0 0
vn 1 0 0
vn 1 0 0
vn 0 1 0
vn 0 1 0
vn 0 1 0
vn 0 1 0
vn 0 1 0
vn 1 0 0
vn 1 0 0
vn 1 0 0
vn 1 0 0
vn 1 0 0
vn 0 1 0
vn 0 1 0
vn 0 1 0
vn 0 1 0
vn 0 1 0
vn 1 0 0
vn 1 0 0
vn 1 0 0
vn 1 0 0
vn 1 0 0
vn 0 1 0
vn 0 1 0
vn 0 1 0
vn 0 1 0
vn 0 1 0
vn 1 0 0
vn 1 0 0
vn 1 0 0
vn 1 0 0
vn 1 0 0
vn 0 1 0
vn 0 1 0
vn 0 1 0
vn 0 1 0
vn 0 1 0
vn 1 0 0
vn 1 0 0
vn 1 0 0
vn 1 0 0
vn 1 0 0
vn 0 1 0
vn 0 1 0
vn 0 1 0
vn 0 1 0
vn 0 1 0
vn 1 0 0
vn 1 0 0
vn 1 0 0
vn 1 0 0
vn 1 0 0
vn 0 1 0
vn 0 1 0
vn 0 1 0
vn 0 1 0
vn 0 1 0
vn -1 0 0
vn -1 0 0
vn -1 0 0
vn -1 0 0
vn -1 0 0
vn 0 -1 0
vn 0 -1 0
vn 0 -1 0
vn 0 -1 0
vn 0 -1 0
vn -1 0 0
vn -1 0 0
vn -1 0 0
vn -1 0 0
vn -1 0 0
vn 0 -1 0
vn 0 -1 0
vn 0 -1 0
vn 0 -1 0
vn 0 -1 0
vn -1 0 0
vn -1 0 0
vn -1 0 0
vn -1 0 0
vn -1 0 0
vn 0 -1 0
vn 0 -1 0
vn 0 -1 0
vn 0 -1 0
vn 0 -1 0
vn -1 0 0
vn -1 0 0
vn -1 0 0
vn -1 0 0
vn -1 0 0
vn 0 1 0
vn 0 1 0
vn 0 1 0
vn 0 1 0
vn 0 1 0
vn -1 0 0
vn -1 0 0
vn -1 0 0
vn -1 0 0
vn -1 0 0
vn 0 1 0
vn 0 1 0
vn 0 1 0
vn 0 1 0
vn 0 1 0
vn 1 0 0
vn 1 0 0
vn 1 0 0
vn 1 0 0
vn 1 0 0
vn 0 1 0
vn 0 1 0
vn 0 1 0
vn 0 1 0
vn 0 1 0
vn 1 0 0
vn 1 0 0
vn 1 0 0
vn 1 0 0
vn 1 0 0
vn 0 1 0
vn 0 1 0
vn 0 1 0
vn 0 1 0
vn 0 1 0
vn 1 0 0
vn 1 0 0
vn 1 0 0
vn 1 0 0
vn 1 0 0
vn 0 1 0
vn 0 1 0
vn 0 1 0
vn 0 1 0
vn 0 1 0
vn 1 0 0
vn 1 0 0
vn 1 0 0
vn 1 0 0
vn 1 0 0
vn 0 1 0
vn 0 1 0
vn 0 1 0
vn 0 1 0
vn 0 1 0
vn 1 0 0
vn 1 0 0
vn 1 0 0
vn 1 0 0
vn 1 0 0
vn 0 1 0
vn 0 1 0
vn 0 1 0
vn 0 1 0
vn 0 1 0
vn 1 0 0
vn 1 0 0
vn 1 0 0
vn 1 0 0
vn 1 0 0
vn 0 1 0
vn 0 1 0
vn 0 1 0
vn 0 1 0
vn 0 1 0
vn 1 0 0
vn 1 0 0
vn 1 0 0
vn 1 0 0
vn 1 0 0
vn 0 1 0
vn 0 1 0
vn 0 1 0
vn 0 1 0
vn 0 1 0
vn -1 0 0
vn -1 0 0
vn -1 0 0
vn -1 0 0
vn -1 0 0
vn 0 -1 0
vn 0 -1 0
vn 0 -1 0
vn 0 -1 0
vn 0 -1 0
vn -1 0 0
vn -1 0 0
vn -1 0 0
vn -1 0 0
vn -1 0 0
vn 0 -1 0
vn 0 -1 0
vn 0 -1 0
vn 0 -1 0
vn 0 -1 0
vn -1 0 0
vn -1 0 0
vn -1 0 0
vn -1 0 0
vn -1 0 0
vn 0 -1 0
vn 0 -1 0
vn 0 -1 0
vn 0 -1 0
vn 0 -1 0
vn -1 0 0
vn -1 0 0
vn -1 0 0
vn -1 0 0
vn -1 0 0
vn 0 -1 0
vn 0 -1 0
vn 0 -1 0
vn 0 -1 0
vn 0 -1 0
vn -1 0 0
vn -1 0 0
vn -1 0 0
vn -1 0 0
vn -1 0 0
vn 0 -1 0
vn 0 -1 0
vn 0 -1 0
vn 0 -1 0
vn 0 -1 0
vn -1 0 0
vn -1 0 0
vn -1 0 0
vn -1 0 0
vn -1 0 0
vn 0 -1 0
vn 0 -1 0
vn 0 -1 0
vn 0 -1 0
vn 0 -1 0
vn -1 0 0
vn -1 0 0
vn -1 0 0
vn -1 0 0
vn -1 0 0
vn 0 -1 0
vn 0 -1 0
vn 0 -1 0
vn 0 -1 0
vn 0 -1 0
vn -1 0 0
vn -1 0 0
vn -1 0 0
vn -1 0 0
vn -1 0 0
vn 0 1 0
vn 0 1 0
vn 0 1 0
vn 0 1 0
vn 0 1 0
vn 1 0 0
vn 1 0 0
vn 1 0 0
vn 1 0 0
vn 1 0 0
vn 0 1 0
vn 0 1 0
vn 0 1 0
vn 0 1 0
vn 0 1 0
vn 1 0 0
vn 1 0 0
vn 1 0 0
vn 1 0 0
vn 1 0 0
vn 0 1 0
vn 0 1 0
vn 0 1 0
vn 0 1 0
vn 0 1 0
vn -1 0 0
vn -1 0 0
vn -1 0 0
vn -1 0 0
vn -1 0 0
vn 0 1 0
vn 0 1 0
vn 0 1 0
vn 0 1 0
vn 0 1 0
vn -1 0 0
vn -1 0 0
vn -1 0 0
vn -1 0 0
vn -1 0 0
vn 0 -1 0
vn 0 -1 0
vn 0 -1 0
vn 0 -1 0
vn 0 -1 0
vn -1 0 0
vn -1 0 0
vn -1 0 0
vn -1 0 0
vn -1 0 0
vn 0 -1 0
vn 0 -1 0
vn 0 -1 0
vn 0 -1 0
vn 0 -1 0
vn -1 0 0
vn -1 0 0
vn -1 0 0
vn -1 0 0
vn -1 0 0
vn 0 -1 0
vn 0 -1 0
vn 0 -1 0
vn 0 -1 0
vn 0 -1 0
vn -1 0 0
vn -1 0 0
vn -1 0 0
vn -1 0 0
vn -1 0 0
vn 0 -1 0
vn 0 -1 0
vn 0 -1 0
vn 0 -1 0
vn 0 -1 0
vn -1 0 0
vn -1 0 0
vn -1 0 0
vn -1 0 0
vn -1 0 0
vn 0 -1 0
vn 0 -1 0
vn 0 -1 0
vn 0 -1 0
vn 0 -1 0
vn -1 0 0
vn -1 0 0
vn -1 0 0
vn -1 0 0
vn -1 0 0
vn 0 -1 0
vn 0 -1 0
vn 0 -1 0
vn 0 -1 0
vn 0 -1 0
vn -1 0 0
vn -1 0 0
vn -1 0 0
vn -1 0 0
vn -1 0 0
vn 0 -1 0
vn 0 -1 0
vn 0 -1 0
vn 0 -1 0
vn 0 -1 0
vn -1 0 0
vn -1 0 0
vn -1 0 0
vn -1 0 0
vn -1 0 0
vn 0 1 0
vn 0 1 0
vn 0 1 0
vn 0 1 0
vn 0 1 0
vn -1 0 0
vn -1 0 0
vn -1 0 0
vn -1 0 0
vn -1 0 0
vn 0 1 0
vn 0 1 0
vn 0 1 0
vn 0 1 0
vn 0 1 0
vn -1 0 0
vn -1 0 0
vn -1 0 0
vn -1 0 0
vn -1 0 0
vn 0 1 0
vn 0 1 0
vn 0 1 0
vn 0 1 0
vn 0 1 0
vn -1 0 0
vn -1 0 0
vn -1 0 0
vn -1 0 0
vn -1 0 0
vn 0 1 0
vn 0 1 0
vn 0 1 0
vn 0 1 0
vn 0 1 0
vn -1 0 0
vn -1 0 0
vn -1 0 0
vn -1 0 0
vn -1 0 0
vn 0 1 0
vn 0 1 0
vn 0 1 0
vn 0 1 0
vn 0 1 0
vn -1 0 0
vn -1 0 0
vn -1 0 0
vn -1 0 0
vn -1 0 0
vn 0 1 0
vn 0 1 0
vn 0 1 0
vn 0 1 0
vn 0 1 0
vn -1 0 0
vn -1 0 0
vn -1 0 0
vn -1 0 0
vn -1 0 0
vn 0 -1 0
vn 0 -1 0
vn 0 -1 0
vn 0 -1 0
vn 0 -1 0
vn -1 0 0
vn -1 0 0
vn -1 0 0
vn -1 0 0
vn -1 0 0
vn 0 -1 0
vn 0 -1 0
vn 0 -1 0
vn 0 -1 0
vn 0 -1 0
vn 1 0 0
vn 1 0 0
vn 1 0 0
vn 1 0 0
vn 1 0 0
vn 0 -1 0
vn 0 -1 0
vn 0 -1 0
vn 0 -1 0
vn 0 -1 0
vn -1 0 0
vn -1 0 0
vn -1 0 0
vn -1 0 0
vn -1 0 0
vn 0 -1 0
vn 0 -1 0
vn 0 -1 0
vn 0 -1 0
vn 0 -1 0
vn -1 0 0
vn -1 0 0
vn -1 0 0
vn -1 0 0
vn -1 0 0
vn 0 1 0
vn 0 1 0
vn 0 1 0
vn 0 1 0
vn 0 1 0
vn -1 0 0
vn -1 0 0
vn -1 0 0
vn -1 0 0
vn -1 0 0
vn 0 1 0
vn 0 1 0
vn 0 1 0
vn 0 1 0
vn 0 1 0
vn -1 0 0
vn -1 0 0
vn -1 0 0
vn -1 0 0
vn -1 0 0
vn 0 1 0
vn 0 1 0
vn 0 1 0
vn 0 1 0
vn 0 1 0
vn -1 0 0
vn -1 0 0
vn -1 0 0
vn -1 0 0
vn -1 0 0
vn 0 1 0
vn 0 1 0
vn 0 1 0
vn 0 1 0
vn 0 1 0
vn -1 0 0
vn -1 0 0
vn -1 0 0
vn -1 0 0
vn -1 0 0
vn 0 1 0
vn 0 1 0
vn 0 1 0
vn 0 1 0
vn 0 1 0
vn -1 0 0
vn -1 0 0
vn -1 0 0
vn -1 0 0
vn -1 0 0
vn 0 1 0
vn 0 1 0
vn 0 1 0
vn 0 1 0
vn 0 1 0
vn -1 0 0
vn -1 0 0
vn -1 0 0
vn -1 0 0
vn -1 0 0
vn 0 1 0
vn 0 1 0
vn 0 1 0
vn 0 1 0
vn 0 1 0
vn -1 0 0
vn -1 0 0
vn -1 0 0
vn -1 0 0
vn -1 0 0
vn 0 1 0
vn 0 1 0
vn 0 1 0
vn 0 1 0
vn 0 1 0
vn -1 0 0
vn -1 0 0
vn -1 0 0
vn -1 0 0
vn -1 0 0
vn 0 1 0
vn 0 1 0
vn 0 1 0
vn 0 1 0
vn 0 1 0
vn -1 0 0
vn -1 0 0
vn -1 0 0
vn -1 0 0
vn -1 0 0
vn 0 -1 0
vn 0 -1 0
vn 0 -1 0
vn 0 -1 0
vn 0 -1 0
vn 1 0 0
vn 1 0 0
vn 1 0 0
vn 1 0 0
vn 1 0 0
vn 0 -1 0
vn 0 -1 0
vn 0 -1 0
vn 0 -1 0
vn 0 -1 0
vn 1 0 0
vn 1 0 0
vn 1 0 0
vn 1 0 0
vn 1 0 0
vn 0 -1 0
vn 0 -1 0
vn 0 -1 0
vn 0 -1 0
vn 0 -1 0
vn 1 0 0
vn 1 0 0
vn 1 0 0
vn 1 0 0
vn 1 0 0
vn 0 -1 0
vn 0 -1 0
vn 0 -1 0
vn 0 -1 0
vn 0 -1 0
vn -1 0 0
vn -1 0 0
vn -1 0 0
vn -1 0 0
vn -1 0 0
vn 0 -1 0
vn 0 -1 0
vn 0 -1 0
vn 0 -1 0
vn 0 -1 0
vn -1 0 0
vn -1 0 0
vn -1 0 0
vn -1 0 0
vn -1 0 0
vn 0 1 0
vn 0 1 0
vn 0 1 0
vn 0 1 0
vn 0 1 0
vn -1 0 0
vn -1 0 0
vn -1 0 0
vn -1 0 0
vn -1 0 0
vn 0 1 0
vn 0 1 0
vn 0 1 0
vn 0 1 0
vn 0 1 0
vn -1 0 0
vn -1 0 0
vn -1 0 0
vn -1 0 0
vn -1 0 0
vn 0 1 0
vn 0 1 0
vn 0 1 0
vn 0 1 0
vn 0 1 0
vn -1 0 0
vn -1 0 0
vn -1 0 0
vn -1 0 0
vn -1 0 0
vn 0 1 0
vn 0 1 0
vn 0 1 0
vn 0 1 0
vn 0 1 0
vn -1 0 0
vn -1 0 0
vn -1 0 0
vn -1 0 0
vn -1 0 0
vn 0 1 0
vn 0 1 0
vn 0 1 0
vn 0 1 0
vn 0 1 0
vn -1 0 0
vn -1 0 0
vn -1 0 0
vn -1 0 0
vn -1 0 0
vn 0 1 0
vn 0 1 0
vn 0 1 0
vn 0 1 0
vn 0 1 0
vn -1 0 0
vn -1 0 0
vn -1 0 0
vn -1 0 0
vn -1 0 0
vn 0 1 0
vn 0 1 0
vn 0 1 0
vn 0 1 0
vn 0 1 0
vn -1 0 0
vn -1 0 0
vn -1 0 0
vn -1 0 0
vn -1 0 0
vn 0 1 0
vn 0 1 0
vn 0 1 0
vn 0 1 0
vn 0 1 0
vn -1 0 0
vn -1 0 0
vn -1 0 0
vn -1 0 0
vn -1 0 0
vn 0 -1 0
vn 0 -1 0
vn 0 -1 0
vn 0 -1 0
vn 0 -1 0
vn 1 0 0
vn 1 0 0
vn 1 0 0
vn 1 0 0
vn 1 0 0
vn 0 -1 0
vn 0 -1 0
vn 0 -1 0
vn 0 -1 0
vn 0 -1 0
vn 1 0 0
vn 1 0 0
vn 1 0 0
vn 1 0 0
vn 1 0 0
vn 0 -1 0
vn 0 -1 0
vn 0 -1 0
vn 0 -1 0
vn 0 -1 0
vn 1 0 0
vn 1 0 0
vn 1 0 0
vn 1 0 0
vn 1 0 0
vn 0 -1 0
vn 0 -1 0
vn 0 -1 0
vn 0 -1 0
vn 0 -1 0
vn 1 0 0
vn 1 0 0
vn 1 0 0
vn 1 0 0
vn 1 0 0
vn 0 -1 0
vn 0 -1 0
vn 0 -1 0
vn 0 -1 0
vn 0 -1 0
vn 1 0 0
vn 1 0 0
vn 1 0 0
vn 1 0 0
vn 1 0 0
vn 0 -1 0
vn 0 -1 0
vn 0 -1 0
vn 0 -1 0
vn 0 -1 0
vn 1 0 0
vn 1 0 0
vn 1 0 0
vn 1 0 0
vn 1 0 0
vn 0 -1 0
vn 0 -1 0
vn 0 -1 0
vn 0 -1 0
vn 0 -1 0
vn 1 0 0
vn 1 0 0
vn 1 0 0
vn 1 0 0
vn 1 0 0
vn 0 -1 0
vn 0 -1 0
vn 0 -1 0
vn 0 -1 0
vn 0 -1 0
vn -1 0 0
vn -1 0 0
vn -1 0 0
vn -1 0 0
vn -1 0 0
vn 0 1 0
vn 0 1 0
vn 0 1 0
vn 0 1 0
vn 0 1 0
vn -1 0 0
vn -1 0 0
vn -1 0 0
vn -1 0 0
vn -1 0 0
vn 0 1 0
vn 0 1 0
vn 0 1 0
vn 0 1 0
vn 0 1 0
vn -1 0 0
vn -1 0 0
vn -1 0 0
vn -1 0 0
vn -1 0 0
vn 0 -1 0
vn 0 -1 0
vn 0 -1 0
vn 0 -1 0
vn 0 -1 0
vn 1 0 0
vn 1 0 0
vn 1 0 0
vn 1 0 0
vn 1 0 0
vn 0 -1 0
vn 0 -1 0
vn 0 -1 0
vn 0 -1 0
vn 0 -1 0
vn 1 0 0
vn 1 0 0
vn 1 0 0
vn 1 0 0
vn 1 0 0
vn 0 -1 0
vn 0 -1 0
vn 0 -1 0
vn 0 -1 0
vn 0 -1 0
vn 1 0 0
vn 1 0 0
vn 1 0 0
vn 1 0 0
vn 1 0 0
vn 0 -1 0
vn 0 -1 0
vn 0 -1 0
vn 0 -1 0
vn 0 -1 0
vn 1 0 0
vn 1 0 0
vn 1 0 0
vn 1 0 0
vn 1 0 0
vn 0 -1 0
vn 0 -1 0
vn 0 -1 0
vn 0 -1 0
vn 0 -1 0
vn 1 0 0
vn 1 0 0
vn 1 0 0
vn 1 0 0
vn 1 0 0
vn 0 -1 0
vn 0 -1 0
vn 0 -1 0
vn 0 -1 0
vn 0 -1 0
vn 1 0 0
vn 1 0 0
vn 1 0 0
vn 1 0 0
vn 1 0 0
vn 0 -1 0
vn 0 -1 0
vn 0 -1 0
vn 0 -1 0
vn 0 -1 0
vn 1 0 0
vn 1 0 0
vn 1 0 0
vn 1 0 0
vn 1 0 0
vn 0 -1 0
vn 0 -1 0
vn 0 -1 0
vn 0 -1 0
vn 0 -1 0
vn -1 0 0
vn -1 0 0
vn -1 0 0
vn -1 0 0
vn -1 0 0
vn 0 -1 0
vn 0 -1 0
vn 0 -1 0
vn 0 -1 0
vn 0 -1 0
vn -1 0 0
vn -1 0 0
vn -1 0 0
vn -1 0 0
vn -1 0 0
vn 0 -1 0
vn 0 -1 0
vn 0 -1 0
vn 0 -1 0
vn 0 -1 0
vn -1 0 0
vn -1 0 0
vn -1 0 0
vn -1 0 0
vn -1 0 0
vn 0 -1 0
vn 0 -1 0
vn 0 -1 0
vn 0 -1 0
vn 0 -1 0
vn -1 0 0
vn -1 0 0
vn -1 0 0
vn -1 0 0
vn -1 0 0
vn 0 -1 0
vn 0 -1 0
vn 0 -1 0
vn 0 -1 0
vn 0 -1 0
vn -1 0 0
vn -1 0 0
vn -1 0 0
vn -1 0 0
vn -1 0 0
vn 0 -1 0
vn 0 -1 0
vn 0 -1 0
vn 0 -1 0
vn 0 -1 0
vn -1 0 0
vn -1 0 0
vn -1 0 0
vn -1 0 0
vn -1 0 0
vn 0 -1 0
vn 0 -1 0
vn 0 -1 0
vn 0 -1 0
vn 0 -1 0
vn 1 0 0
vn 1 0 0
vn 1 0 0
vn 1 0 0
vn 1 0 0
vn 0 -1 0
vn 0 -1 0
vn 0 -1 0
vn 0 -1 0
vn 0 -1 0
vn 1 0 0
vn 1 0 0
vn 1 0 0
vn 1 0 0
vn 1 0 0
vn 0 -1 0
vn 0 -1 0
vn 0 -1 0
vn 0 -1 0
vn 0 -1 0
vn 1 0 0
vn 1 0 0
vn 1 0 0
vn 1 0 0
vn 1 0 0
vn 0 -1 0
vn 0 -1 0
vn 0 -1 0
vn 0 -1 0
vn 0 -1 0
vn -1 0 0
vn -1 0 0
vn -1 0 0
vn -1 0 0
vn -1 0 0
vn 0 -1 0
vn 0 -1 0
vn 0 -1 0
vn 0 -1 0
vn 0 -1 0
vn -1 0 0
vn -1 0 0
vn -1 0 0
vn -1 0 0
vn -1 0 0
vn 0 -1 0
vn 0 -1 0
vn 0 -1 0
vn 0 -1 0
vn 0 -1 0
vn -1 0 0
vn -1 0 0
vn -1 0 0
vn -1 0 0
vn -1 0 0
vn 0 -1 0
vn 0 -1 0
vn 0 -1 0
vn 0 -1 0
vn 0 -1 0
vn -1 0 0
vn -1 0 0
vn -1 0 0
vn -1 0 0
vn -1 0 0
vn 0 -1 0
vn 0 -1 0
vn 0 -1 0
vn 0 -1 0
vn 0 -1 0
vn -1 0 0
vn -1 0 0
vn -1 0 0
vn -1 0 0
vn -1 0 0
vn 0 -1 0
vn 0 -1 0
vn 0 -1 0
vn 0 -1 0
vn 0 -1 0
vn -1 0 0
vn -1 0 0
vn -1 0 0
vn -1 0 0
vn -1 0 0
vn 0 -1 0
vn 0 -1 0
vn 0 -1 0
vn 0 -1 0
vn 0 -1 0
vn -1 0 0
vn -1 0 0
vn -1 0 0
vn -1 0 0
vn -1 0 0
vn 0 -1 0
vn 0 -1 0
vn 0 -1 0
vn 0 -1 0
vn 0 -1 0
vn -1 0 0
vn -1 0 0
vn -1 0 0
vn -1 0 0
vn -1 0 0
vn 0 -1 0
vn 0 -1 0
vn 0 -1 0
vn 0 -1 0
vn 0 -1 0
vn -1 0 0
vn -1 0 0
vn -1 0 0
vn -1 0 0
vn -1 0 0
vn 0 -1 0
vn 0 -1 0
vn 0 -1 0
vn 0 -1 0
vn 0 -1 0
vn -1 0 0
vn -1 0 0
vn -1 0 0
vn -1 0 0
vn -1 0 0
vn 0 -1 0
vn 0 -1 0
vn 0 -1 0
vn 0 -1 0
vn 0 -1 0
vn -1 0 0
vn -1 0 0
vn -1 0 0
vn -1 0 0
vn -1 0 0
vn 0 -1 0
vn 0 -1 0
vn 0 -1 0
vn 0 -1 0
vn 0 -1 0
vn 1 0 0
vn 1 0 0
vn 1 0 0
vn 1 0 0
vn 1 0 0
vn 0 1 0
vn 0 1 0
vn 0 1 0
vn 0 1 0
vn 0 1 0
vn 1 0 0
vn 1 0 0
vn 1 0 0
vn 1 0 0
vn 1 0 0
vn 0 1 0
vn 0 1 0
vn 0 1 0
vn 0 1 0
vn 0 1 0
vn 1 0 0
vn 1 0 0
vn 1 0 0
vn 1 0 0
vn 1 0 0
vn 0 1 0
vn 0 1 0
vn 0 1 0
vn 0 1 0
vn 0 1 0
vn 1 0 0
vn 1 0 0
vn 1 0 0
vn 1 0 0
vn 1 0 0
vn 0 -1 0
vn 0 -1 0
vn 0 -1 0
vn 0 -1 0
vn 0 -1 0
vn 1 0 0
vn 1 0 0
vn 1 0 0
vn 1 0 0
vn 1 0 0
vn 0 -1 0
vn 0 -1 0
vn 0 -1 0
vn 0 -1 0
vn 0 -1 0
vn -1 0 0
vn -1 0 0
vn -1 0 0
vn -1 0 0
vn -1 0 0
vn 0 -1 0
vn 0 -1 0
vn 0 -1 0
vn 0 -1 0
vn 0 -1 0
vn -1 0 0
vn -1 0 0
vn -1 0 0
vn -1 0 0
vn -1 0 0
vn 0 -1 0
vn 0 -1 0
vn 0 -1 0
vn 0 -1 0
vn 0 -1 0
vn -1 0 0
vn -1 0 0
vn -1 0 0
vn -1 0 0
vn -1 0 0
vn 0 -1 0
vn 0 -1 0
vn 0 -1 0
vn 0 -1 0
vn 0 -1 0
vn -1 0 0
vn -1 0 0
vn -1 0 0
vn -1 0 0
vn -1 0 0
vn 0 -1 0
vn 0 -1 0
vn 0 -1 0
vn 0 -1 0
vn 0 -1 0
vn -1 0 0
vn -1 0 0
vn -1 0 0
vn -1 0 0
vn -1 0 0
vn 0 -1 0
vn 0 -1 0
vn 0 -1 0
vn 0 -1 0
vn 0 -1 0
vn -1 0 0
vn -1 0 0
vn -1 0 0
vn -1 0 0
vn -1 0 0
vn 0 -1 0
vn 0 -1 0
vn 0 -1 0
vn 0 -1 0
vn 0 -1 0
vn -1 0 0
vn -1 0 0
vn -1 0 0
vn -1 0 0
vn -1 0 0
vn 0 -1 0
vn 0 -1 0
vn 0 -1 0
vn 0 -1 0
vn 0 -1 0
vn -1 0 0
vn -1 0 0
vn -1 0 0
vn -1 0 0
vn -1 0 0
vn 0 -1 0
vn 0 -1 0
vn 0 -1 0
vn 0 -1 0
vn 0 -1 0
vn 1 0 0
vn 1 0 0
vn 1 0 0
vn 1 0 0
vn 1 0 0
vn 0 1 0
vn 0 1 0
vn 0 1 0
vn 0 1 0
vn 0 1 0
vn 1 0 0
vn 1 0 0
vn 1 0 0
vn 1 0 0
vn 1 0 0
vn 0 1 0
vn 0 1 0
vn 0 1 0
vn 0 1 0
vn 0 1 0
vn 1 0 0
vn 1 0 0
vn 1 0 0
vn 1 0 0
vn 1 0 0
vn 0 1 0
vn 0 1 0
vn 0 1 0
vn 0 1 0
vn 0 1 0
vn 1 0 0
vn 1 0 0
vn 1 0 0
vn 1 0 0
vn 1 0 0
vn 0 1 0
vn 0 1 0
vn 0 1 0
vn 0 1 0
vn 0 1 0
vn 1 0 0
vn 1 0 0
vn 1 0 0
vn 1 0 0
vn 1 0 0
vn 0 1 0
vn 0 1 0
vn 0 1 0
vn 0 1 0
vn 0 1 0
vn 1 0 0
vn 1 0 0
vn 1 0 0
vn 1 0 0
vn 1 0 0
vn 0 1 0
vn 0 1 0
vn 0 1 0
vn 0 1 0
vn 0 1 0
vn 1 0 0
vn 1 0 0
vn 1 0 0
vn 1 0 0
vn 1 0 0
vn 0 1 0
vn 0 1 0
vn 0 1 0
vn 0 1 0
vn 0 1 0
vn 1 0 0
vn 1 0 0
vn 1 0 0
vn 1 0 0
vn 1 0 0
vn 0 -1 0
vn 0 -1 0
vn 0 -1 0
vn 0 -1 0
vn 0 -1 0
vn -1 0 0
vn -1 0 0
vn -1 0 0
vn -1 0 0
vn -1 0 0
vn 0 -1 0
vn 0 -1 0
vn 0 -1 0
vn 0 -1 0
vn 0 -1 0
vn -1 0 0
vn -1 0 0
vn -1 0 0
vn -1 0 0
vn -1 0 0
vn 0 -1 0
vn 0 -1 0
vn 0 -1 0
vn 0 -1 0
vn 0 -1 0
vn -1 0 0
vn -1 0 0
vn -1 0 0
vn -1 0 0
vn -1 0 0
vn 0 -1 0
vn 0 -1 0
vn 0 -1 0
vn 0 -1 0
vn 0 -1 0
vn 1 0 0
vn 1 0 0
vn 1 0 0
vn 1 0 0
vn 1 0 0
vn 0 -1 0
vn 0 -1 0
vn 0 -1 0
vn 0 -1 0
vn 0 -1 0
vn 1 0 0
vn 1 0 0
vn 1 0 0
vn 1 0 0
vn 1 0 0
vn 0 1 0
vn 0 1 0
vn 0 1 0
vn 0 1 0
vn 0 1 0
vn 1 0 0
vn 1 0 0
vn 1 0 0
vn 1 0 0
vn 1 0 0
vn 0 1 0
vn 0 1 0
vn 0 1 0
vn 0 1 0
vn 0 1 0
vn 1 0 0
vn 1 0 0
vn 1 0 0
vn 1 0 0
vn 1 0 0
vn 0 1 0
vn 0 1 0
vn 0 1 0
vn 0 1 0
vn 0 1 0
vn 1 0 0
vn 1 0 0
vn 1 0 0
vn 1 0 0
vn 1 0 0
vn 0 1 0
vn 0 1 0
vn 0 1 0
vn 0 1 0
vn 0 1 0
vn 1 0 0
vn 1 0 0
vn 1 0 0
vn 1 0 0
vn 1 0 0
vn 0 1 0
vn 0 1 0
vn 0 1 0
vn 0 1 0
vn 0 1 0
vn 1 0 0
vn 1 0 0
vn 1 0 0
vn 1 0 0
vn 1 0 0
vn 0 1 0
vn 0 1 0
vn 0 1 0
vn 0 1 0
vn 0 1 0
vn 1 0 0
vn 1 0 0
vn 1 0 0
vn 1 0 0
vn 1 0 0
vn 0 1 0
vn 0 1 0
vn 0 1 0
vn 0 1 0
vn 0 1 0
vn 1 0 0
vn 1 0 0
vn 1 0 0
vn 1 0 0
vn 1 0 0
vn 0 -1 0
vn 0 -1 0
vn 0 -1 0
vn 0 -1 0
vn 0 -1 0
vn 1 0 0
vn 1 0 0
vn 1 0 0
vn 1 0 0
vn 1 0 0
vn 0 -1 0
vn 0 -1 0
vn 0 -1 0
vn 0 -1 0
vn 0 -1 0
vn 1 0 0
vn 1 0 0
vn 1 0 0
vn 1 0 0
vn 1 0 0
vn 0 -1 0
vn 0 -1 0
vn 0 -1 0
vn 0 -1 0
vn 0 -1 0
vn 1 0 0
vn 1 0 0
vn 1 0 0
vn 1 0 0
vn 1 0 0
vn 0 -1 0
vn 0 -1 0
vn 0 -1 0
vn 0 -1 0
vn 0 -1 0
vn 1 0 0
vn 1 0 0
vn 1 0 0
vn 1 0 0
vn 1 0 0
vn 0 -1 0
vn 0 -1 0
vn 0 -1 0
vn 0 -1 0
vn 0 -1 0
vn 1 0 0
vn 1 0 0
vn 1 0 0
vn 1 0 0
vn 1 0 0
vn 0 -1 0
vn 0 -1 0
vn 0 -1 0
vn 0 -1 0
vn 0 -1 0
vn 1 0 0
vn 1 0 0
vn 1 0 0
vn 1 0 0
vn 1 0 0
vn 0 1 0
vn 0 1 0
vn 0 1 0
vn 0 1 0
vn 0 1 0
vn 1 0 0
vn 1 0 0
vn 1 0 0
vn 1 0 0
vn 1 0 0
vn 0 1 0
vn 0 1 0
vn 0 1 0
vn 0 1 0
vn 0 1 0
vn 1 0 0
vn 1 0 0
vn 1 0 0
vn 1 0 0
vn 1 0 0
vn 0 1 0
vn 0 1 0
vn 0 1 0
vn 0 1 0
vn 0 1 0
vn 1 0 0
vn 1 0 0
vn 1 0 0
vn 1 0 0
vn 1 0 0
vn 0 -1 0
vn 0 -1 0
vn 0 -1 0
vn 0 -1 0
vn 0 -1 0
vn 1 0 0
vn 1 0 0
vn 1 0 0
vn 1 0 0
vn 1 0 0
vn 0 -1 0
vn 0 -1 0
vn 0 -1 0
vn 0 -1 0
vn 0 -1 0
vn 1 0 0
vn 1 0 0
vn 1 0 0
vn 1 0 0
vn 1 0 0
vn 0 -1 0
vn 0 -1 0
vn 0 -1 0
vn 0 -1 0
vn 0 -1 0
vn 1 0 0
vn 1 0 0
vn 1 0 0
vn 1 0 0
vn 1 0 0
vn 0 -1 0
vn 0 -1 0
vn 0 -1 0
vn 0 -1 0
vn 0 -1 0
vn 1 0 0
vn 1 0 0
vn 1 0 0
vn 1 0 0
vn 1 0 0
vn 0 -1 0
vn 0 -1 0
vn 0 -1 0
vn 0 -1 0
vn 0 -1 0
vn 1 0 0
vn 1 0 0
vn 1 0 0
vn 1 0 0
vn 1 0 0
vn 0 -1 0
vn 0 -1 0
vn 0 -1 0
vn 0 -1 0
vn 0 -1 0
vn 1 0 0
vn 1 0 0
vn 1 0 0
vn 1 0 0
vn 1 0 0
vn 0 -1 0
vn 0 -1 0
vn 0 -1 0
vn 0 -1 0
vn 0 -1 0
vn 1 0 0
vn 1 0 0
vn 1 0 0
vn 1 0 0
vn 1 0 0
vn 0 -1 0
vn 0 -1 0
vn 0 -1 0
vn 0 -1 0
vn 0 -1 0
vn 1 0 0
vn 1 0 0
vn 1 0 0
vn 1 0 0
vn 1 0 0
vn 0 -1 0
vn 0 -1 0
vn 0 -1 0
vn 0 -1 0
vn 0 -1 0


# Faces: 
usemtl material0
f 609/217/1 610/218/1 612/220/1
f 612/220/1 610/218/1 611/219/1
f 612/220/1 613/221/1 614/222/1
f 609/217/1 612/220/1 608/216/1
f 608/216/1 612/220/1 614/222/1
f 608/216/1 606/214/1 607/215/1
f 606/214/1 608/216/1 616/224/1
f 604/212/1 605/213/1 606/214/1
f 603/211/1 604/212/1 602/210/1
f 606/214/1 618/226/1 604/212/1
f 616/224/1 608/216/1 614/222/1
f 616/224/1 617/225/1 618/226/1
f 615/223/1 616/224/1 614/222/1
f 618/226/1 619/227/1 620/228/1
f 620/228/1 604/212/1 618/226/1
f 604/212/1 620/228/1 602/210/1
f 602/210/1 600/208/1 601/209/1
f 600/208/1 602/210/1 622/230/1
f 599/207/1 600/208/1 598/206/1
f 602/210/1 620/228/1 622/230/1
f 624/232/1 598/206/1 600/208/1
f 620/228/1 621/229/1 622/230/1
f 618/226/1 606/214/1 616/224/1
f 584/192/1 582/190/1 583/191/1
f 582/190/1 584/192/1 585/193/1
f 582/190/1 586/194/1 580/188/1
f 585/193/1 586/194/1 582/190/1
f 588/196/1 586/194/1 587/195/1
f 581/189/1 582/190/1 580/188/1
f 579/187/1 580/188/1 578/186/1
f 577/185/1 578/186/1 576/184/1
f 588/196/1 578/186/1 580/188/1
f 576/184/1 578/186/1 588/196/1
f 586/194/1 588/196/1 580/188/1
f 590/198/1 588/196/1 589/197/1
f 597/205/1 598/206/1 596/204/1
f 596/204/1 594/202/1 595/203/1
f 625/233/1 594/202/1 596/204/1
f 596/204/1 598/206/1 624/232/1
f 576/184/1 574/182/1 575/183/1
f 574/182/1 576/184/1 590/198/1
f 570/178/1 590/198/1 591/199/1
f 574/182/1 590/198/1 572/180/1
f 591/199/1 592/200/1 593/201/1
f 574/182/1 572/180/1 573/181/1
f 588/196/1 590/198/1 576/184/1
f 622/230/1 624/232/1 600/208/1
f 630/238/1 631/239/1 632/240/1
f 653/261/1 654/262/1 655/263/1
f 651/259/1 652/260/1 653/261/1
f 632/240/1 633/241/1 634/242/1
f 629/237/1 632/240/1 634/242/1
f 651/259/1 649/257/1 650/258/1
f 635/243/1 636/244/1 634/242/1
f 630/238/1 632/240/1 629/237/1
f 653/261/1 658/266/1 651/259/1
f 636/244/1 628/236/1 634/242/1
f 656/264/1 657/265/1 655/263/1
f 655/263/1 657/265/1 658/266/1
f 660/268/1 658/266/1 659/267/1
f 658/266/1 660/268/1 651/259/1
f 660/268/1 649/257/1 651/259/1
f 662/270/1 660/268/1 661/269/1
f 668/276/1 669/277/1 667/275/1
f 692/300/1 665/273/1 667/275/1
f 670/278/1 671/279/1 669/277/1
f 658/266/1 653/261/1 655/263/1
f 665/273/1 666/274/1 667/275/1
f 634/242/1 628/236/1 629/237/1
f 636/244/1 637/245/1 638/246/1
f 636/244/1 638/246/1 628/236/1
f 638/246/1 639/247/1 640/248/1
f 638/246/1 640/248/1 628/236/1
f 626/234/1 628/236/1 640/248/1
f 624/232/1 625/233/1 596/204/1
f 622/230/1 623/231/1 624/232/1
f 594/202/1 625/233/1 593/201/1
f 626/234/1 627/235/1 628/236/1
f 644/252/1 625/233/1 626/234/1
f 546/154/1 593/201/1 625/233/1
f 626/234/1 640/248/1 642/250/1
f 648/256/1 649/257/1 647/255/1
f 649/257/1 660/268/1 662/270/1
f 649/257/1 662/270/1 647/255/1
f 664/272/1 665/273/1 663/271/1
f 524/132/1 663/271/1 694/302/1
f 662/270/1 663/271/1 645/253/1
f 642/250/1 643/251/1 644/252/1
f 641/249/1 642/250/1 640/248/1
f 646/254/1 647/255/1 645/253/1
f 644/252/1 645/253/1 625/233/1
f 647/255/1 662/270/1 645/253/1
f 642/250/1 644/252/1 626/234/1
f 663/271/1 625/233/1 645/253/1
f 591/199/1 593/201/1 566/174/1
f 692/300/1 663/271/1 665/273/1
f 663/271/1 546/154/1 625/233/1
f 559/167/1 560/168/1 561/169/1
f 558/166/1 559/167/1 556/164/1
f 571/179/1 572/180/1 570/178/1
f 559/167/1 561/169/1 562/170/1
f 557/165/1 558/166/1 556/164/1
f 555/163/1 556/164/1 554/162/1
f 553/161/1 554/162/1 552/160/1
f 554/162/1 556/164/1 559/167/1
f 562/170/1 552/160/1 559/167/1
f 559/167/1 552/160/1 554/162/1
f 569/177/1 570/178/1 568/176/1
f 568/176/1 566/174/1 567/175/1
f 570/178/1 591/199/1 568/176/1
f 572/180/1 590/198/1 570/178/1
f 551/159/1 552/160/1 550/158/1
f 552/160/1 562/170/1 563/171/1
f 550/158/1 552/160/1 563/171/1
f 565/173/1 550/158/1 563/171/1
f 550/158/1 565/173/1 548/156/1
f 549/157/1 550/158/1 548/156/1
f 563/171/1 564/172/1 565/173/1
f 566/174/1 548/156/1 565/173/1
f 591/199/1 566/174/1 568/176/1
f 538/146/1 539/147/1 537/145/1
f 539/147/1 540/148/1 541/149/1
f 527/135/1 535/143/1 537/145/1
f 535/143/1 536/144/1 537/145/1
f 532/140/1 533/141/1 531/139/1
f 531/139/1 533/141/1 530/138/1
f 530/138/1 535/143/1 529/137/1
f 535/143/1 530/138/1 533/141/1
f 528/136/1 529/137/1 535/143/1
f 534/142/1 535/143/1 533/141/1
f 537/145/1 539/147/1 527/135/1
f 547/155/1 548/156/1 546/154/1
f 545/153/1 525/133/1 543/151/1
f 548/156/1 566/174/1 546/154/1
f 543/151/1 544/152/1 545/153/1
f 525/133/1 527/135/1 539/147/1
f 539/147/1 541/149/1 525/133/1
f 527/135/1 528/136/1 535/143/1
f 511/119/1 509/117/1 510/118/1
f 525/133/1 541/149/1 543/151/1
f 541/149/1 542/150/1 543/151/1
f 545/153/1 546/154/1 524/132/1
f 593/201/1 546/154/1 566/174/1
f 521/129/1 522/130/1 523/131/1
f 525/133/1 545/153/1 524/132/1
f 520/128/1 521/129/1 519/127/1
f 515/123/1 516/124/1 517/125/1
f 514/122/1 515/123/1 513/121/1
f 518/126/1 519/127/1 517/125/1
f 505/113/1 515/123/1 517/125/1
f 517/125/1 519/127/1 505/113/1
f 503/111/1 519/127/1 521/129/1
f 523/131/1 495/103/1 497/105/1
f 523/131/1 524/132/1 495/103/1
f 497/105/1 495/103/1 496/104/1
f 523/131/1 497/105/1 499/107/1
f 493/101/1 494/102/1 492/100/1
f 524/132/1 494/102/1 495/103/1
f 500/108/1 501/109/1 499/107/1
f 499/107/1 501/109/1 523/131/1
f 499/107/1 497/105/1 498/106/1
f 473/81/1 489/97/1 491/99/1
f 489/97/1 490/98/1 491/99/1
f 524/132/1 447/55/1 494/102/1
f 523/131/1 501/109/1 521/129/1
f 663/271/1 524/132/1 546/154/1
f 521/129/1 501/109/1 503/111/1
f 505/113/1 507/115/1 515/123/1
f 519/127/1 503/111/1 505/113/1
f 505/113/1 503/111/1 504/112/1
f 515/123/1 507/115/1 513/121/1
f 503/111/1 501/109/1 502/110/1
f 511/119/1 507/115/1 508/116/1
f 507/115/1 511/119/1 513/121/1
f 485/93/1 486/94/1 483/91/1
f 507/115/1 505/113/1 506/114/1
f 508/116/1 509/117/1 511/119/1
f 511/119/1 512/120/1 513/121/1
f 488/96/1 489/97/1 487/95/1
f 487/95/1 489/97/1 475/83/1
f 477/85/1 475/83/1 476/84/1
f 475/83/1 477/85/1 487/95/1
f 475/83/1 489/97/1 473/81/1
f 487/95/1 477/85/1 479/87/1
f 483/91/1 486/94/1 481/89/1
f 482/90/1 483/91/1 481/89/1
f 483/91/1 484/92/1 485/93/1
f 478/86/1 479/87/1 477/85/1
f 480/88/1 481/89/1 479/87/1
f 481/89/1 487/95/1 479/87/1
f 481/89/1 486/94/1 487/95/1
f 467/75/1 491/99/1 492/100/1
f 526/134/1 527/135/1 525/133/1
f 494/102/1 465/73/1 492/100/1
f 692/300/1 667/275/1 669/277/1
f 680/288/1 681/289/1 679/287/1
f 681/289/1 682/290/1 683/291/1
f 677/285/1 678/286/1 679/287/1
f 689/297/1 677/285/1 679/287/1
f 671/279/1 672/280/1 673/281/1
f 674/282/1 675/283/1 673/281/1
f 675/283/1 691/299/1 673/281/1
f 691/299/1 671/279/1 673/281/1
f 676/284/1 677/285/1 675/283/1
f 677/285/1 691/299/1 675/283/1
f 679/287/1 681/289/1 687/295/1
f 683/291/1 684/292/1 685/293/1
f 679/287/1 687/295/1 689/297/1
f 687/295/1 681/289/1 683/291/1
f 683/291/1 686/294/1 687/295/1
f 686/294/1 683/291/1 685/293/1
f 689/297/1 687/295/1 688/296/1
f 708/316/1 709/317/1 707/315/1
f 717/325/1 709/317/1 715/323/1
f 707/315/1 709/317/1 717/325/1
f 689/297/1 691/299/1 677/285/1
f 705/313/1 706/314/1 707/315/1
f 690/298/1 691/299/1 689/297/1
f 699/307/1 700/308/1 701/309/1
f 698/306/1 699/307/1 697/305/1
f 692/300/1 693/301/1 694/302/1
f 694/302/1 663/271/1 692/300/1
f 696/304/1 697/305/1 695/303/1
f 695/303/1 697/305/1 726/334/1
f 694/302/1 695/303/1 726/334/1
f 699/307/1 725/333/1 697/305/1
f 691/299/1 692/300/1 671/279/1
f 702/310/1 703/311/1 701/309/1
f 703/311/1 704/312/1 705/313/1
f 723/331/1 701/309/1 703/311/1
f 707/315/1 719/327/1 705/313/1
f 719/327/1 707/315/1 717/325/1
f 703/311/1 705/313/1 721/329/1
f 719/327/1 721/329/1 705/313/1
f 723/331/1 725/333/1 701/309/1
f 724/332/1 725/333/1 723/331/1
f 726/334/1 697/305/1 725/333/1
f 720/328/1 721/329/1 719/327/1
f 722/330/1 723/331/1 721/329/1
f 723/331/1 703/311/1 721/329/1
f 718/326/1 719/327/1 717/325/1
f 725/333/1 699/307/1 701/309/1
f 447/55/1 694/302/1 726/334/1
f 709/317/1 710/318/1 713/321/1
f 694/302/1 447/55/1 524/132/1
f 713/321/1 715/323/1 709/317/1
f 714/322/1 715/323/1 713/321/1
f 712/320/1 713/321/1 711/319/1
f 713/321/1 710/318/1 711/319/1
f 727/335/1 728/336/1 729/337/1
f 729/337/1 731/339/1 743/351/1
f 727/335/1 729/337/1 747/355/1
f 729/337/1 730/338/1 731/339/1
f 745/353/1 729/337/1 743/351/1
f 716/324/1 717/325/1 715/323/1
f 732/340/1 733/341/1 731/339/1
f 731/339/1 733/341/1 734/342/1
f 734/342/1 735/343/1 737/345/1
f 737/345/1 735/343/1 736/344/1
f 731/339/1 734/342/1 739/347/1
f 739/347/1 734/342/1 737/345/1
f 739/347/1 741/349/1 731/339/1
f 740/348/1 741/349/1 739/347/1
f 741/349/1 742/350/1 743/351/1
f 739/347/1 737/345/1 738/346/1
f 731/339/1 741/349/1 743/351/1
f 749/357/1 747/355/1 748/356/1
f 747/355/1 749/357/1 727/335/1
f 744/352/1 745/353/1 743/351/1
f 745/353/1 746/354/1 747/355/1
f 747/355/1 729/337/1 745/353/1
f 750/358/1 751/359/1 752/360/1
f 750/358/1 752/360/1 767/375/1
f 765/373/1 767/375/1 752/360/1
f 766/374/1 767/375/1 765/373/1
f 767/375/1 768/376/1 750/358/1
f 752/360/1 754/362/1 765/373/1
f 768/376/1 726/334/1 750/358/1
f 750/358/1 726/334/1 749/357/1
f 754/362/1 755/363/1 756/364/1
f 756/364/1 765/373/1 754/362/1
f 756/364/1 757/365/1 758/366/1
f 764/372/1 765/373/1 756/364/1
f 763/371/1 756/364/1 758/366/1
f 756/364/1 763/371/1 764/372/1
f 760/368/1 763/371/1 758/366/1
f 761/369/1 762/370/1 760/368/1
f 760/368/1 762/370/1 763/371/1
f 759/367/1 760/368/1 758/366/1
f 754/362/1 752/360/1 753/361/1
f 726/334/1 727/335/1 749/357/1
f 768/376/1 427/35/1 726/334/1
f 449/57/1 447/55/1 448/56/1
f 447/55/1 449/57/1 464/72/1
f 451/59/1 462/70/1 449/57/1
f 446/54/1 444/52/1 445/53/1
f 444/52/1 446/54/1 428/36/1
f 447/55/1 427/35/1 446/54/1
f 467/75/1 465/73/1 466/74/1
f 492/100/1 465/73/1 467/75/1
f 464/72/1 462/70/1 463/71/1
f 462/70/1 464/72/1 449/57/1
f 465/73/1 447/55/1 464/72/1
f 447/55/1 726/334/1 427/35/1
f 443/51/1 444/52/1 442/50/1
f 428/36/1 446/54/1 427/35/1
f 444/52/1 428/36/1 442/50/1
f 442/50/1 428/36/1 440/48/1
f 427/35/1 400/8/1 426/34/1
f 440/48/1 428/36/1 429/37/1
f 440/48/1 441/49/1 442/50/1
f 439/47/1 440/48/1 438/46/1
f 436/44/1 438/46/1 430/38/1
f 430/38/1 438/46/1 440/48/1
f 430/38/1 440/48/1 429/37/1
f 436/44/1 430/38/1 431/39/1
f 494/102/1 447/55/1 465/73/1
f 473/81/1 471/79/1 472/80/1
f 491/99/1 471/79/1 473/81/1
f 468/76/1 469/77/1 467/75/1
f 469/77/1 470/78/1 471/79/1
f 469/77/1 471/79/1 491/99/1
f 461/69/1 462/70/1 460/68/1
f 460/68/1 457/65/1 459/67/1
f 459/67/1 457/65/1 458/66/1
f 460/68/1 455/63/1 457/65/1
f 473/81/1 474/82/1 475/83/1
f 450/58/1 451/59/1 449/57/1
f 436/44/1 432/40/1 433/41/1
f 432/40/1 436/44/1 431/39/1
f 437/45/1 438/46/1 436/44/1
f 436/44/1 433/41/1 435/43/1
f 455/63/1 460/68/1 453/61/1
f 454/62/1 455/63/1 453/61/1
f 455/63/1 456/64/1 457/65/1
f 434/42/1 435/43/1 433/41/1
f 452/60/1 453/61/1 451/59/1
f 453/61/1 460/68/1 451/59/1
f 451/59/1 460/68/1 462/70/1
f 467/75/1 469/77/1 491/99/1
f 770/378/1 771/379/1 772/380/1
f 770/378/1 399/7/1 768/376/1
f 772/380/1 773/381/1 774/382/1
f 770/378/1 772/380/1 399/7/1
f 399/7/1 772/380/1 774/382/1
f 399/7/1 774/382/1 398/6/1
f 402/10/1 426/34/1 400/8/1
f 397/5/1 398/6/1 396/4/1
f 774/382/1 776/384/1 398/6/1
f 778/386/1 398/6/1 776/384/1
f 774/382/1 775/383/1 776/384/1
f 427/35/1 768/376/1 399/7/1
f 778/386/1 779/387/1 780/388/1
f 778/386/1 396/4/1 398/6/1
f 780/388/1 781/389/1 782/390/1
f 780/388/1 782/390/1 396/4/1
f 778/386/1 780/388/1 396/4/1
f 395/3/1 396/4/1 784/392/1
f 784/392/1 782/390/1 783/391/1
f 396/4/1 782/390/1 784/392/1
f 784/392/1 393/1/1 394/2/1
f 784/392/1 394/2/1 395/3/1
f 778/386/1 776/384/1 777/385/1
f 402/10/1 403/11/1 404/12/1
f 426/34/1 402/10/1 404/12/1
f 404/12/1 405/13/1 406/14/1
f 408/16/1 426/34/1 406/14/1
f 426/34/1 404/12/1 406/14/1
f 425/33/1 426/34/1 424/32/1
f 423/31/1 424/32/1 422/30/1
f 422/30/1 420/28/1 421/29/1
f 410/18/1 422/30/1 424/32/1
f 422/30/1 410/18/1 420/28/1
f 424/32/1 426/34/1 408/16/1
f 402/10/1 400/8/1 401/9/1
f 408/16/1 409/17/1 410/18/1
f 410/18/1 424/32/1 408/16/1
f 410/18/1 411/19/1 412/20/1
f 412/20/1 418/26/1 420/28/1
f 420/28/1 410/18/1 412/20/1
f 420/28/1 418/26/1 419/27/1
f 417/25/1 418/26/1 416/24/1
f 416/24/1 413/21/1 414/22/1
f 416/24/1 418/26/1 412/20/1
f 414/22/1 415/23/1 416/24/1
f 413/21/1 416/24/1 412/20/1
f 408/16/1 406/14/1 407/15/1
f 400/8/1 427/35/1 399/7/1
f 768/376/1 769/377/1 770/378/1
f 692/300/1 669/277/1 671/279/1
f 218/610/2 217/609/2 220/612/2
f 218/610/2 220/612/2 219/611/2
f 221/613/2 220/612/2 222/614/2
f 220/612/2 217/609/2 216/608/2
f 220/612/2 216/608/2 222/614/2
f 214/606/2 216/608/2 215/607/2
f 216/608/2 214/606/2 224/616/2
f 213/605/2 212/604/2 214/606/2
f 212/604/2 211/603/2 210/602/2
f 226/618/2 214/606/2 212/604/2
f 216/608/2 224/616/2 222/614/2
f 225/617/2 224/616/2 226/618/2
f 224/616/2 223/615/2 222/614/2
f 227/619/2 226/618/2 228/620/2
f 212/604/2 228/620/2 226/618/2
f 228/620/2 212/604/2 210/602/2
f 208/600/2 210/602/2 209/601/2
f 210/602/2 208/600/2 230/622/2
f 208/600/2 207/599/2 206/598/2
f 228/620/2 210/602/2 230/622/2
f 206/598/2 232/624/2 208/600/2
f 229/621/2 228/620/2 230/622/2
f 214/606/2 226/618/2 224/616/2
f 190/582/2 192/584/2 191/583/2
f 192/584/2 190/582/2 193/585/2
f 194/586/2 190/582/2 188/580/2
f 194/586/2 193/585/2 190/582/2
f 194/586/2 196/588/2 195/587/2
f 190/582/2 189/581/2 188/580/2
f 188/580/2 187/579/2 186/578/2
f 186/578/2 185/577/2 184/576/2
f 186/578/2 196/588/2 188/580/2
f 186/578/2 184/576/2 196/588/2
f 196/588/2 194/586/2 188/580/2
f 196/588/2 198/590/2 197/589/2
f 206/598/2 205/597/2 204/596/2
f 202/594/2 204/596/2 203/595/2
f 202/594/2 233/625/2 204/596/2
f 206/598/2 204/596/2 232/624/2
f 182/574/2 184/576/2 183/575/2
f 184/576/2 182/574/2 198/590/2
f 198/590/2 178/570/2 199/591/2
f 198/590/2 182/574/2 180/572/2
f 200/592/2 199/591/2 201/593/2
f 180/572/2 182/574/2 181/573/2
f 198/590/2 196/588/2 184/576/2
f 232/624/2 230/622/2 208/600/2
f 239/631/2 238/630/2 240/632/2
f 262/654/2 261/653/2 263/655/2
f 260/652/2 259/651/2 261/653/2
f 241/633/2 240/632/2 242/634/2
f 240/632/2 237/629/2 242/634/2
f 257/649/2 259/651/2 258/650/2
f 244/636/2 243/635/2 242/634/2
f 240/632/2 238/630/2 237/629/2
f 266/658/2 261/653/2 259/651/2
f 236/628/2 244/636/2 242/634/2
f 265/657/2 264/656/2 263/655/2
f 265/657/2 263/655/2 266/658/2
f 266/658/2 268/660/2 267/659/2
f 268/660/2 266/658/2 259/651/2
f 257/649/2 268/660/2 259/651/2
f 268/660/2 270/662/2 269/661/2
f 277/669/2 276/668/2 275/667/2
f 273/665/2 300/692/2 275/667/2
f 279/671/2 278/670/2 277/669/2
f 261/653/2 266/658/2 263/655/2
f 274/666/2 273/665/2 275/667/2
f 236/628/2 242/634/2 237/629/2
f 245/637/2 244/636/2 246/638/2
f 246/638/2 244/636/2 236/628/2
f 247/639/2 246/638/2 248/640/2
f 248/640/2 246/638/2 236/628/2
f 236/628/2 234/626/2 248/640/2
f 233/625/2 232/624/2 204/596/2
f 231/623/2 230/622/2 232/624/2
f 233/625/2 202/594/2 201/593/2
f 235/627/2 234/626/2 236/628/2
f 233/625/2 252/644/2 234/626/2
f 201/593/2 154/546/2 233/625/2
f 248/640/2 234/626/2 250/642/2
f 257/649/2 256/648/2 255/647/2
f 268/660/2 257/649/2 270/662/2
f 270/662/2 257/649/2 255/647/2
f 273/665/2 272/664/2 271/663/2
f 271/663/2 132/524/2 302/694/2
f 271/663/2 270/662/2 253/645/2
f 251/643/2 250/642/2 252/644/2
f 250/642/2 249/641/2 248/640/2
f 255/647/2 254/646/2 253/645/2
f 253/645/2 252/644/2 233/625/2
f 270/662/2 255/647/2 253/645/2
f 252/644/2 250/642/2 234/626/2
f 233/625/2 271/663/2 253/645/2
f 201/593/2 199/591/2 174/566/2
f 271/663/2 300/692/2 273/665/2
f 154/546/2 271/663/2 233/625/2
f 168/560/2 167/559/2 169/561/2
f 167/559/2 166/558/2 164/556/2
f 180/572/2 179/571/2 178/570/2
f 169/561/2 167/559/2 170/562/2
f 166/558/2 165/557/2 164/556/2
f 164/556/2 163/555/2 162/554/2
f 162/554/2 161/553/2 160/552/2
f 164/556/2 162/554/2 167/559/2
f 160/552/2 170/562/2 167/559/2
f 160/552/2 167/559/2 162/554/2
f 178/570/2 177/569/2 176/568/2
f 174/566/2 176/568/2 175/567/2
f 199/591/2 178/570/2 176/568/2
f 198/590/2 180/572/2 178/570/2
f 160/552/2 159/551/2 158/550/2
f 170/562/2 160/552/2 171/563/2
f 160/552/2 158/550/2 171/563/2
f 158/550/2 173/565/2 171/563/2
f 173/565/2 158/550/2 156/548/2
f 158/550/2 157/549/2 156/548/2
f 172/564/2 171/563/2 173/565/2
f 156/548/2 174/566/2 173/565/2
f 174/566/2 199/591/2 176/568/2
f 147/539/2 146/538/2 145/537/2
f 148/540/2 147/539/2 149/541/2
f 143/535/2 135/527/2 145/537/2
f 144/536/2 143/535/2 145/537/2
f 141/533/2 140/532/2 139/531/2
f 141/533/2 139/531/2 138/530/2
f 143/535/2 138/530/2 137/529/2
f 138/530/2 143/535/2 141/533/2
f 137/529/2 136/528/2 143/535/2
f 143/535/2 142/534/2 141/533/2
f 147/539/2 145/537/2 135/527/2
f 156/548/2 155/547/2 154/546/2
f 133/525/2 153/545/2 151/543/2
f 174/566/2 156/548/2 154/546/2
f 152/544/2 151/543/2 153/545/2
f 135/527/2 133/525/2 147/539/2
f 149/541/2 147/539/2 133/525/2
f 136/528/2 135/527/2 143/535/2
f 117/509/2 119/511/2 118/510/2
f 149/541/2 133/525/2 151/543/2
f 150/542/2 149/541/2 151/543/2
f 154/546/2 153/545/2 132/524/2
f 154/546/2 201/593/2 174/566/2
f 130/522/2 129/521/2 131/523/2
f 153/545/2 133/525/2 132/524/2
f 129/521/2 128/520/2 127/519/2
f 124/516/2 123/515/2 125/517/2
f 123/515/2 122/514/2 121/513/2
f 127/519/2 126/518/2 125/517/2
f 123/515/2 113/505/2 125/517/2
f 127/519/2 125/517/2 113/505/2
f 127/519/2 111/503/2 129/521/2
f 103/495/2 131/523/2 105/497/2
f 132/524/2 131/523/2 103/495/2
f 103/495/2 105/497/2 104/496/2
f 105/497/2 131/523/2 107/499/2
f 102/494/2 101/493/2 100/492/2
f 102/494/2 132/524/2 103/495/2
f 109/501/2 108/500/2 107/499/2
f 109/501/2 107/499/2 131/523/2
f 105/497/2 107/499/2 106/498/2
f 97/489/2 81/473/2 99/491/2
f 98/490/2 97/489/2 99/491/2
f 55/447/2 132/524/2 102/494/2
f 109/501/2 131/523/2 129/521/2
f 132/524/2 271/663/2 154/546/2
f 109/501/2 129/521/2 111/503/2
f 115/507/2 113/505/2 123/515/2
f 111/503/2 127/519/2 113/505/2
f 111/503/2 113/505/2 112/504/2
f 115/507/2 123/515/2 121/513/2
f 109/501/2 111/503/2 110/502/2
f 115/507/2 119/511/2 116/508/2
f 119/511/2 115/507/2 121/513/2
f 94/486/2 93/485/2 91/483/2
f 113/505/2 115/507/2 114/506/2
f 117/509/2 116/508/2 119/511/2
f 120/512/2 119/511/2 121/513/2
f 97/489/2 96/488/2 95/487/2
f 97/489/2 95/487/2 83/475/2
f 83/475/2 85/477/2 84/476/2
f 85/477/2 83/475/2 95/487/2
f 97/489/2 83/475/2 81/473/2
f 85/477/2 95/487/2 87/479/2
f 94/486/2 91/483/2 89/481/2
f 91/483/2 90/482/2 89/481/2
f 92/484/2 91/483/2 93/485/2
f 87/479/2 86/478/2 85/477/2
f 89/481/2 88/480/2 87/479/2
f 95/487/2 89/481/2 87/479/2
f 94/486/2 89/481/2 95/487/2
f 99/491/2 75/467/2 100/492/2
f 135/527/2 134/526/2 133/525/2
f 73/465/2 102/494/2 100/492/2
f 275/667/2 300/692/2 277/669/2
f 289/681/2 288/680/2 287/679/2
f 290/682/2 289/681/2 291/683/2
f 286/678/2 285/677/2 287/679/2
f 285/677/2 297/689/2 287/679/2
f 280/672/2 279/671/2 281/673/2
f 283/675/2 282/674/2 281/673/2
f 299/691/2 283/675/2 281/673/2
f 279/671/2 299/691/2 281/673/2
f 285/677/2 284/676/2 283/675/2
f 299/691/2 285/677/2 283/675/2
f 289/681/2 287/679/2 295/687/2
f 292/684/2 291/683/2 293/685/2
f 295/687/2 287/679/2 297/689/2
f 289/681/2 295/687/2 291/683/2
f 294/686/2 291/683/2 295/687/2
f 291/683/2 294/686/2 293/685/2
f 295/687/2 297/689/2 296/688/2
f 317/709/2 316/708/2 315/707/2
f 317/709/2 325/717/2 323/715/2
f 317/709/2 315/707/2 325/717/2
f 299/691/2 297/689/2 285/677/2
f 314/706/2 313/705/2 315/707/2
f 299/691/2 298/690/2 297/689/2
f 308/700/2 307/699/2 309/701/2
f 307/699/2 306/698/2 305/697/2
f 301/693/2 300/692/2 302/694/2
f 271/663/2 302/694/2 300/692/2
f 305/697/2 304/696/2 303/695/2
f 305/697/2 303/695/2 334/726/2
f 303/695/2 302/694/2 334/726/2
f 333/725/2 307/699/2 305/697/2
f 300/692/2 299/691/2 279/671/2
f 311/703/2 310/702/2 309/701/2
f 312/704/2 311/703/2 313/705/2
f 309/701/2 331/723/2 311/703/2
f 327/719/2 315/707/2 313/705/2
f 315/707/2 327/719/2 325/717/2
f 313/705/2 311/703/2 329/721/2
f 329/721/2 327/719/2 313/705/2
f 333/725/2 331/723/2 309/701/2
f 333/725/2 332/724/2 331/723/2
f 305/697/2 334/726/2 333/725/2
f 329/721/2 328/720/2 327/719/2
f 331/723/2 330/722/2 329/721/2
f 311/703/2 331/723/2 329/721/2
f 327/719/2 326/718/2 325/717/2
f 307/699/2 333/725/2 309/701/2
f 302/694/2 55/447/2 334/726/2
f 318/710/2 317/709/2 321/713/2
f 55/447/2 302/694/2 132/524/2
f 323/715/2 321/713/2 317/709/2
f 323/715/2 322/714/2 321/713/2
f 321/713/2 320/712/2 319/711/2
f 318/710/2 321/713/2 319/711/2
f 336/728/2 335/727/2 337/729/2
f 339/731/2 337/729/2 351/743/2
f 337/729/2 335/727/2 355/747/2
f 338/730/2 337/729/2 339/731/2
f 337/729/2 353/745/2 351/743/2
f 325/717/2 324/716/2 323/715/2
f 341/733/2 340/732/2 339/731/2
f 341/733/2 339/731/2 342/734/2
f 343/735/2 342/734/2 345/737/2
f 343/735/2 345/737/2 344/736/2
f 342/734/2 339/731/2 347/739/2
f 342/734/2 347/739/2 345/737/2
f 349/741/2 347/739/2 339/731/2
f 349/741/2 348/740/2 347/739/2
f 350/742/2 349/741/2 351/743/2
f 345/737/2 347/739/2 346/738/2
f 349/741/2 339/731/2 351/743/2
f 355/747/2 357/749/2 356/748/2
f 357/749/2 355/747/2 335/727/2
f 353/745/2 352/744/2 351/743/2
f 354/746/2 353/745/2 355/747/2
f 337/729/2 355/747/2 353/745/2
f 359/751/2 358/750/2 360/752/2
f 360/752/2 358/750/2 375/767/2
f 375/767/2 373/765/2 360/752/2
f 375/767/2 374/766/2 373/765/2
f 376/768/2 375/767/2 358/750/2
f 362/754/2 360/752/2 373/765/2
f 334/726/2 376/768/2 358/750/2
f 334/726/2 358/750/2 357/749/2
f 363/755/2 362/754/2 364/756/2
f 373/765/2 364/756/2 362/754/2
f 365/757/2 364/756/2 366/758/2
f 373/765/2 372/764/2 364/756/2
f 364/756/2 371/763/2 366/758/2
f 371/763/2 364/756/2 372/764/2
f 371/763/2 368/760/2 366/758/2
f 370/762/2 369/761/2 368/760/2
f 370/762/2 368/760/2 371/763/2
f 368/760/2 367/759/2 366/758/2
f 360/752/2 362/754/2 361/753/2
f 335/727/2 334/726/2 357/749/2
f 35/427/2 376/768/2 334/726/2
f 55/447/2 57/449/2 56/448/2
f 57/449/2 55/447/2 72/464/2
f 70/462/2 59/451/2 57/449/2
f 52/444/2 54/446/2 53/445/2
f 54/446/2 52/444/2 36/428/2
f 35/427/2 55/447/2 54/446/2
f 73/465/2 75/467/2 74/466/2
f 73/465/2 100/492/2 75/467/2
f 70/462/2 72/464/2 71/463/2
f 72/464/2 70/462/2 57/449/2
f 55/447/2 73/465/2 72/464/2
f 334/726/2 55/447/2 35/427/2
f 52/444/2 51/443/2 50/442/2
f 54/446/2 36/428/2 35/427/2
f 36/428/2 52/444/2 50/442/2
f 36/428/2 50/442/2 48/440/2
f 8/400/2 35/427/2 34/426/2
f 36/428/2 48/440/2 37/429/2
f 49/441/2 48/440/2 50/442/2
f 48/440/2 47/439/2 46/438/2
f 46/438/2 44/436/2 38/430/2
f 46/438/2 38/430/2 48/440/2
f 48/440/2 38/430/2 37/429/2
f 38/430/2 44/436/2 39/431/2
f 55/447/2 102/494/2 73/465/2
f 79/471/2 81/473/2 80/472/2
f 79/471/2 99/491/2 81/473/2
f 77/469/2 76/468/2 75/467/2
f 78/470/2 77/469/2 79/471/2
f 79/471/2 77/469/2 99/491/2
f 70/462/2 69/461/2 68/460/2
f 65/457/2 68/460/2 67/459/2
f 65/457/2 67/459/2 66/458/2
f 63/455/2 68/460/2 65/457/2
f 82/474/2 81/473/2 83/475/2
f 59/451/2 58/450/2 57/449/2
f 40/432/2 44/436/2 41/433/2
f 44/436/2 40/432/2 39/431/2
f 46/438/2 45/437/2 44/436/2
f 41/433/2 44/436/2 43/435/2
f 68/460/2 63/455/2 61/453/2
f 63/455/2 62/454/2 61/453/2
f 64/456/2 63/455/2 65/457/2
f 43/435/2 42/434/2 41/433/2
f 61/453/2 60/452/2 59/451/2
f 68/460/2 61/453/2 59/451/2
f 68/460/2 59/451/2 70/462/2
f 77/469/2 75/467/2 99/491/2
f 379/771/2 378/770/2 380/772/2
f 7/399/2 378/770/2 376/768/2
f 381/773/2 380/772/2 382/774/2
f 380/772/2 378/770/2 7/399/2
f 380/772/2 7/399/2 382/774/2
f 382/774/2 7/399/2 6/398/2
f 34/426/2 10/402/2 8/400/2
f 6/398/2 5/397/2 4/396/2
f 384/776/2 382/774/2 6/398/2
f 6/398/2 386/778/2 384/776/2
f 383/775/2 382/774/2 384/776/2
f 376/768/2 35/427/2 7/399/2
f 387/779/2 386/778/2 388/780/2
f 4/396/2 386/778/2 6/398/2
f 389/781/2 388/780/2 390/782/2
f 390/782/2 388/780/2 4/396/2
f 388/780/2 386/778/2 4/396/2
f 4/396/2 3/395/2 392/784/2
f 390/782/2 392/784/2 391/783/2
f 390/782/2 4/396/2 392/784/2
f 1/393/2 392/784/2 2/394/2
f 2/394/2 392/784/2 3/395/2
f 384/776/2 386/778/2 385/777/2
f 11/403/2 10/402/2 12/404/2
f 10/402/2 34/426/2 12/404/2
f 13/405/2 12/404/2 14/406/2
f 34/426/2 16/408/2 14/406/2
f 12/404/2 34/426/2 14/406/2
f 34/426/2 33/425/2 32/424/2
f 32/424/2 31/423/2 30/422/2
f 28/420/2 30/422/2 29/421/2
f 30/422/2 18/410/2 32/424/2
f 18/410/2 30/422/2 28/420/2
f 34/426/2 32/424/2 16/408/2
f 8/400/2 10/402/2 9/401/2
f 17/409/2 16/408/2 18/410/2
f 32/424/2 18/410/2 16/408/2
f 19/411/2 18/410/2 20/412/2
f 26/418/2 20/412/2 28/420/2
f 18/410/2 28/420/2 20/412/2
f 26/418/2 28/420/2 27/419/2
f 26/418/2 25/417/2 24/416/2
f 21/413/2 24/416/2 22/414/2
f 26/418/2 24/416/2 20/412/2
f 23/415/2 22/414/2 24/416/2
f 24/416/2 21/413/2 20/412/2
f 14/406/2 16/408/2 15/407/2
f 35/427/2 8/400/2 7/399/2
f 377/769/2 376/768/2 378/770/2
f 277/669/2 300/692/2 279/671/2
f 785/2353/3 1/785/4 2/786/5
f 785/2353/3 2/786/5 394/1570/6
f 785/2353/3 394/1570/6 393/1569/7
f 785/2353/3 393/1569/7 1/785/4
f 786/2354/8 2/787/9 3/788/10
f 786/2354/8 3/788/10 395/1572/11
f 786/2354/8 395/1572/11 394/1571/12
f 786/2354/8 394/1571/12 2/787/9
f 787/2355/13 3/789/14 4/790/15
f 787/2355/13 4/790/15 396/1574/16
f 787/2355/13 396/1574/16 395/1573/17
f 787/2355/13 395/1573/17 3/789/14
f 788/2356/18 4/791/19 5/792/20
f 788/2356/18 5/792/20 397/1576/21
f 788/2356/18 397/1576/21 396/1575/22
f 788/2356/18 396/1575/22 4/791/19
f 789/2357/23 5/793/24 6/794/25
f 789/2357/23 6/794/25 398/1578/26
f 789/2357/23 398/1578/26 397/1577/27
f 789/2357/23 397/1577/27 5/793/24
f 790/2358/28 6/795/29 7/796/30
f 790/2358/28 7/796/30 399/1580/31
f 790/2358/28 399/1580/31 398/1579/32
f 790/2358/28 398/1579/32 6/795/29
f 791/2359/33 7/797/34 8/798/35
f 791/2359/33 8/798/35 400/1582/36
f 791/2359/33 400/1582/36 399/1581/37
f 791/2359/33 399/1581/37 7/797/34
f 792/2360/38 8/799/39 9/800/40
f 792/2360/38 9/800/40 401/1584/41
f 792/2360/38 401/1584/41 400/1583/42
f 792/2360/38 400/1583/42 8/799/39
f 793/2361/43 9/801/44 10/802/45
f 793/2361/43 10/802/45 402/1586/46
f 793/2361/43 402/1586/46 401/1585/47
f 793/2361/43 401/1585/47 9/801/44
f 794/2362/48 10/803/49 11/804/50
f 794/2362/48 11/804/50 403/1588/51
f 794/2362/48 403/1588/51 402/1587/52
f 794/2362/48 402/1587/52 10/803/49
f 795/2363/53 11/805/54 12/806/55
f 795/2363/53 12/806/55 404/1590/56
f 795/2363/53 404/1590/56 403/1589/57
f 795/2363/53 403/1589/57 11/805/54
f 796/2364/58 12/807/59 13/808/60
f 796/2364/58 13/808/60 405/1592/61
f 796/2364/58 405/1592/61 404/1591/62
f 796/2364/58 404/1591/62 12/807/59
f 797/2365/63 13/809/64 14/810/65
f 797/2365/63 14/810/65 406/1594/66
f 797/2365/63 406/1594/66 405/1593/67
f 797/2365/63 405/1593/67 13/809/64
f 798/2366/68 14/811/69 15/812/70
f 798/2366/68 15/812/70 407/1596/71
f 798/2366/68 407/1596/71 406/1595/72
f 798/2366/68 406/1595/72 14/811/69
f 799/2367/73 15/813/74 16/814/75
f 799/2367/73 16/814/75 408/1598/76
f 799/2367/73 408/1598/76 407/1597/77
f 799/2367/73 407/1597/77 15/813/74
f 800/2368/78 16/815/79 17/816/80
f 800/2368/78 17/816/80 409/1600/81
f 800/2368/78 409/1600/81 408/1599/82
f 800/2368/78 408/1599/82 16/815/79
f 801/2369/83 17/817/84 18/818/85
f 801/2369/83 18/818/85 410/1602/86
f 801/2369/83 410/1602/86 409/1601/87
f 801/2369/83 409/1601/87 17/817/84
f 802/2370/88 18/819/89 19/820/90
f 802/2370/88 19/820/90 411/1604/91
f 802/2370/88 411/1604/91 410/1603/92
f 802/2370/88 410/1603/92 18/819/89
f 803/2371/93 19/821/94 20/822/95
f 803/2371/93 20/822/95 412/1606/96
f 803/2371/93 412/1606/96 411/1605/97
f 803/2371/93 411/1605/97 19/821/94
f 804/2372/98 20/823/99 21/824/100
f 804/2372/98 21/824/100 413/1608/101
f 804/2372/98 413/1608/101 412/1607/102
f 804/2372/98 412/1607/102 20/823/99
f 805/2373/103 21/825/104 22/826/105
f 805/2373/103 22/826/105 414/1610/106
f 805/2373/103 414/1610/106 413/1609/107
f 805/2373/103 413/1609/107 21/825/104
f 806/2374/108 22/827/109 23/828/110
f 806/2374/108 23/828/110 415/1612/111
f 806/2374/108 415/1612/111 414/1611/112
f 806/2374/108 414/1611/112 22/827/109
f 807/2375/113 23/829/114 24/830/115
f 807/2375/113 24/830/115 416/1614/116
f 807/2375/113 416/1614/116 415/1613/117
f 807/2375/113 415/1613/117 23/829/114
f 808/2376/118 24/831/119 25/832/120
f 808/2376/118 25/832/120 417/1616/121
f 808/2376/118 417/1616/121 416/1615/122
f 808/2376/118 416/1615/122 24/831/119
f 809/2377/123 25/833/124 26/834/125
f 809/2377/123 26/834/125 418/1618/126
f 809/2377/123 418/1618/126 417/1617/127
f 809/2377/123 417/1617/127 25/833/124
f 810/2378/128 26/835/129 27/836/130
f 810/2378/128 27/836/130 419/1620/131
f 810/2378/128 419/1620/131 418/1619/132
f 810/2378/128 418/1619/132 26/835/129
f 811/2379/133 27/837/134 28/838/135
f 811/2379/133 28/838/135 420/1622/136
f 811/2379/133 420/1622/136 419/1621/137
f 811/2379/133 419/1621/137 27/837/134
f 812/2380/138 28/839/139 29/840/140
f 812/2380/138 29/840/140 421/1624/141
f 812/2380/138 421/1624/141 420/1623/142
f 812/2380/138 420/1623/142 28/839/139
f 813/2381/143 29/841/144 30/842/145
f 813/2381/143 30/842/145 422/1626/146
f 813/2381/143 422/1626/146 421/1625/147
f 813/2381/143 421/1625/147 29/841/144
f 814/2382/148 30/843/149 31/844/150
f 814/2382/148 31/844/150 423/1628/151
f 814/2382/148 423/1628/151 422/1627/152
f 814/2382/148 422/1627/152 30/843/149
f 815/2383/153 31/845/154 32/846/155
f 815/2383/153 32/846/155 424/1630/156
f 815/2383/153 424/1630/156 423/1629/157
f 815/2383/153 423/1629/157 31/845/154
f 816/2384/158 32/847/159 33/848/160
f 816/2384/158 33/848/160 425/1632/161
f 816/2384/158 425/1632/161 424/1631/162
f 816/2384/158 424/1631/162 32/847/159
f 817/2385/163 33/849/164 34/850/165
f 817/2385/163 34/850/165 426/1634/166
f 817/2385/163 426/1634/166 425/1633/167
f 817/2385/163 425/1633/167 33/849/164
f 818/2386/168 34/851/169 35/852/170
f 818/2386/168 35/852/170 427/1636/171
f 818/2386/168 427/1636/171 426/1635/172
f 818/2386/168 426/1635/172 34/851/169
f 819/2387/173 35/853/174 36/854/175
f 819/2387/173 36/854/175 428/1638/176
f 819/2387/173 428/1638/176 427/1637/177
f 819/2387/173 427/1637/177 35/853/174
f 820/2388/178 36/855/179 37/856/180
f 820/2388/178 37/856/180 429/1640/181
f 820/2388/178 429/1640/181 428/1639/182
f 820/2388/178 428/1639/182 36/855/179
f 821/2389/183 37/857/184 38/858/185
f 821/2389/183 38/858/185 430/1642/186
f 821/2389/183 430/1642/186 429/1641/187
f 821/2389/183 429/1641/187 37/857/184
f 822/2390/188 38/859/189 39/860/190
f 822/2390/188 39/860/190 431/1644/191
f 822/2390/188 431/1644/191 430/1643/192
f 822/2390/188 430/1643/192 38/859/189
f 823/2391/193 39/861/194 40/862/195
f 823/2391/193 40/862/195 432/1646/196
f 823/2391/193 432/1646/196 431/1645/197
f 823/2391/193 431/1645/197 39/861/194
f 824/2392/198 40/863/199 41/864/200
f 824/2392/198 41/864/200 433/1648/201
f 824/2392/198 433/1648/201 432/1647/202
f 824/2392/198 432/1647/202 40/863/199
f 825/2393/203 41/865/204 42/866/205
f 825/2393/203 42/866/205 434/1650/206
f 825/2393/203 434/1650/206 433/1649/207
f 825/2393/203 433/1649/207 41/865/204
f 826/2394/208 42/867/209 43/868/210
f 826/2394/208 43/868/210 435/1652/211
f 826/2394/208 435/1652/211 434/1651/212
f 826/2394/208 434/1651/212 42/867/209
f 827/2395/213 43/869/214 44/870/215
f 827/2395/213 44/870/215 436/1654/216
f 827/2395/213 436/1654/216 435/1653/217
f 827/2395/213 435/1653/217 43/869/214
f 828/2396/218 44/871/219 45/872/220
f 828/2396/218 45/872/220 437/1656/221
f 828/2396/218 437/1656/221 436/1655/222
f 828/2396/218 436/1655/222 44/871/219
f 829/2397/223 45/873/224 46/874/225
f 829/2397/223 46/874/225 438/1658/226
f 829/2397/223 438/1658/226 437/1657/227
f 829/2397/223 437/1657/227 45/873/224
f 830/2398/228 46/875/229 47/876/230
f 830/2398/228 47/876/230 439/1660/231
f 830/2398/228 439/1660/231 438/1659/232
f 830/2398/228 438/1659/232 46/875/229
f 831/2399/233 47/877/234 48/878/235
f 831/2399/233 48/878/235 440/1662/236
f 831/2399/233 440/1662/236 439/1661/237
f 831/2399/233 439/1661/237 47/877/234
f 832/2400/238 48/879/239 49/880/240
f 832/2400/238 49/880/240 441/1664/241
f 832/2400/238 441/1664/241 440/1663/242
f 832/2400/238 440/1663/242 48/879/239
f 833/2401/243 49/881/244 50/882/245
f 833/2401/243 50/882/245 442/1666/246
f 833/2401/243 442/1666/246 441/1665/247
f 833/2401/243 441/1665/247 49/881/244
f 834/2402/248 50/883/249 51/884/250
f 834/2402/248 51/884/250 443/1668/251
f 834/2402/248 443/1668/251 442/1667/252
f 834/2402/248 442/1667/252 50/883/249
f 835/2403/253 51/885/254 52/886/255
f 835/2403/253 52/886/255 444/1670/256
f 835/2403/253 444/1670/256 443/1669/257
f 835/2403/253 443/1669/257 51/885/254
f 836/2404/258 52/887/259 53/888/260
f 836/2404/258 53/888/260 445/1672/261
f 836/2404/258 445/1672/261 444/1671/262
f 836/2404/258 444/1671/262 52/887/259
f 837/2405/263 53/889/264 54/890/265
f 837/2405/263 54/890/265 446/1674/266
f 837/2405/263 446/1674/266 445/1673/267
f 837/2405/263 445/1673/267 53/889/264
f 838/2406/268 54/891/269 55/892/270
f 838/2406/268 55/892/270 447/1676/271
f 838/2406/268 447/1676/271 446/1675/272
f 838/2406/268 446/1675/272 54/891/269
f 839/2407/273 55/893/274 56/894/275
f 839/2407/273 56/894/275 448/1678/276
f 839/2407/273 448/1678/276 447/1677/277
f 839/2407/273 447/1677/277 55/893/274
f 840/2408/278 56/895/279 57/896/280
f 840/2408/278 57/896/280 449/1680/281
f 840/2408/278 449/1680/281 448/1679/282
f 840/2408/278 448/1679/282 56/895/279
f 841/2409/283 57/897/284 58/898/285
f 841/2409/283 58/898/285 450/1682/286
f 841/2409/283 450/1682/286 449/1681/287
f 841/2409/283 449/1681/287 57/897/284
f 842/2410/288 58/899/289 59/900/290
f 842/2410/288 59/900/290 451/1684/291
f 842/2410/288 451/1684/291 450/1683/292
f 842/2410/288 450/1683/292 58/899/289
f 843/2411/293 59/901/294 60/902/295
f 843/2411/293 60/902/295 452/1686/296
f 843/2411/293 452/1686/296 451/1685/297
f 843/2411/293 451/1685/297 59/901/294
f 844/2412/298 60/903/299 61/904/300
f 844/2412/298 61/904/300 453/1688/301
f 844/2412/298 453/1688/301 452/1687/302
f 844/2412/298 452/1687/302 60/903/299
f 845/2413/303 61/905/304 62/906/305
f 845/2413/303 62/906/305 454/1690/306
f 845/2413/303 454/1690/306 453/1689/307
f 845/2413/303 453/1689/307 61/905/304
f 846/2414/308 62/907/309 63/908/310
f 846/2414/308 63/908/310 455/1692/311
f 846/2414/308 455/1692/311 454/1691/312
f 846/2414/308 454/1691/312 62/907/309
f 847/2415/313 63/909/314 64/910/315
f 847/2415/313 64/910/315 456/1694/316
f 847/2415/313 456/1694/316 455/1693/317
f 847/2415/313 455/1693/317 63/909/314
f 848/2416/318 64/911/319 65/912/320
f 848/2416/318 65/912/320 457/1696/321
f 848/2416/318 457/1696/321 456/1695/322
f 848/2416/318 456/1695/322 64/911/319
f 849/2417/323 65/913/324 66/914/325
f 849/2417/323 66/914/325 458/1698/326
f 849/2417/323 458/1698/326 457/1697/327
f 849/2417/323 457/1697/327 65/913/324
f 850/2418/328 66/915/329 67/916/330
f 850/2418/328 67/916/330 459/1700/331
f 850/2418/328 459/1700/331 458/1699/332
f 850/2418/328 458/1699/332 66/915/329
f 851/2419/333 67/917/334 68/918/335
f 851/2419/333 68/918/335 460/1702/336
f 851/2419/333 460/1702/336 459/1701/337
f 851/2419/333 459/1701/337 67/917/334
f 852/2420/338 68/919/339 69/920/340
f 852/2420/338 69/920/340 461/1704/341
f 852/2420/338 461/1704/341 460/1703/342
f 852/2420/338 460/1703/342 68/919/339
f 853/2421/343 69/921/344 70/922/345
f 853/2421/343 70/922/345 462/1706/346
f 853/2421/343 462/1706/346 461/1705/347
f 853/2421/343 461/1705/347 69/921/344
f 854/2422/348 70/923/349 71/924/350
f 854/2422/348 71/924/350 463/1708/351
f 854/2422/348 463/1708/351 462/1707/352
f 854/2422/348 462/1707/352 70/923/349
f 855/2423/353 71/925/354 72/926/355
f 855/2423/353 72/926/355 464/1710/356
f 855/2423/353 464/1710/356 463/1709/357
f 855/2423/353 463/1709/357 71/925/354
f 856/2424/358 72/927/359 73/928/360
f 856/2424/358 73/928/360 465/1712/361
f 856/2424/358 465/1712/361 464/1711/362
f 856/2424/358 464/1711/362 72/927/359
f 857/2425/363 73/929/364 74/930/365
f 857/2425/363 74/930/365 466/1714/366
f 857/2425/363 466/1714/366 465/1713/367
f 857/2425/363 465/1713/367 73/929/364
f 858/2426/368 74/931/369 75/932/370
f 858/2426/368 75/932/370 467/1716/371
f 858/2426/368 467/1716/371 466/1715/372
f 858/2426/368 466/1715/372 74/931/369
f 859/2427/373 75/933/374 76/934/375
f 859/2427/373 76/934/375 468/1718/376
f 859/2427/373 468/1718/376 467/1717/377
f 859/2427/373 467/1717/377 75/933/374
f 860/2428/378 76/935/379 77/936/380
f 860/2428/378 77/936/380 469/1720/381
f 860/2428/378 469/1720/381 468/1719/382
f 860/2428/378 468/1719/382 76/935/379
f 861/2429/383 77/937/384 78/938/385
f 861/2429/383 78/938/385 470/1722/386
f 861/2429/383 470/1722/386 469/1721/387
f 861/2429/383 469/1721/387 77/937/384
f 862/2430/388 78/939/389 79/940/390
f 862/2430/388 79/940/390 471/1724/391
f 862/2430/388 471/1724/391 470/1723/392
f 862/2430/388 470/1723/392 78/939/389
f 863/2431/393 79/941/394 80/942/395
f 863/2431/393 80/942/395 472/1726/396
f 863/2431/393 472/1726/396 471/1725/397
f 863/2431/393 471/1725/397 79/941/394
f 864/2432/398 80/943/399 81/944/400
f 864/2432/398 81/944/400 473/1728/401
f 864/2432/398 473/1728/401 472/1727/402
f 864/2432/398 472/1727/402 80/943/399
f 865/2433/403 81/945/404 82/946/405
f 865/2433/403 82/946/405 474/1730/406
f 865/2433/403 474/1730/406 473/1729/407
f 865/2433/403 473/1729/407 81/945/404
f 866/2434/408 82/947/409 83/948/410
f 866/2434/408 83/948/410 475/1732/411
f 866/2434/408 475/1732/411 474/1731/412
f 866/2434/408 474/1731/412 82/947/409
f 867/2435/413 83/949/414 84/950/415
f 867/2435/413 84/950/415 476/1734/416
f 867/2435/413 476/1734/416 475/1733/417
f 867/2435/413 475/1733/417 83/949/414
f 868/2436/418 84/951/419 85/952/420
f 868/2436/418 85/952/420 477/1736/421
f 868/2436/418 477/1736/421 476/1735/422
f 868/2436/418 476/1735/422 84/951/419
f 869/2437/423 85/953/424 86/954/425
f 869/2437/423 86/954/425 478/1738/426
f 869/2437/423 478/1738/426 477/1737/427
f 869/2437/423 477/1737/427 85/953/424
f 870/2438/428 86/955/429 87/956/430
f 870/2438/428 87/956/430 479/1740/431
f 870/2438/428 479/1740/431 478/1739/432
f 870/2438/428 478/1739/432 86/955/429
f 871/2439/433 87/957/434 88/958/435
f 871/2439/433 88/958/435 480/1742/436
f 871/2439/433 480/1742/436 479/1741/437
f 871/2439/433 479/1741/437 87/957/434
f 872/2440/438 88/959/439 89/960/440
f 872/2440/438 89/960/440 481/1744/441
f 872/2440/438 481/1744/441 480/1743/442
f 872/2440/438 480/1743/442 88/959/439
f 873/2441/443 89/961/444 90/962/445
f 873/2441/443 90/962/445 482/1746/446
f 873/2441/443 482/1746/446 481/1745/447
f 873/2441/443 481/1745/447 89/961/444
f 874/2442/448 90/963/449 91/964/450
f 874/2442/448 91/964/450 483/1748/451
f 874/2442/448 483/1748/451 482/1747/452
f 874/2442/448 482/1747/452 90/963/449
f 875/2443/453 91/965/454 92/966/455
f 875/2443/453 92/966/455 484/1750/456
f 875/2443/453 484/1750/456 483/1749/457
f 875/2443/453 483/1749/457 91/965/454
f 876/2444/458 92/967/459 93/968/460
f 876/2444/458 93/968/460 485/1752/461
f 876/2444/458 485/1752/461 484/1751/462
f 876/2444/458 484/1751/462 92/967/459
f 877/2445/463 93/969/464 94/970/465
f 877/2445/463 94/970/465 486/1754/466
f 877/2445/463 486/1754/466 485/1753/467
f 877/2445/463 485/1753/467 93/969/464
f 878/2446/468 94/971/469 95/972/470
f 878/2446/468 95/972/470 487/1756/471
f 878/2446/468 487/1756/471 486/1755/472
f 878/2446/468 486/1755/472 94/971/469
f 879/2447/473 95/973/474 96/974/475
f 879/2447/473 96/974/475 488/1758/476
f 879/2447/473 488/1758/476 487/1757/477
f 879/2447/473 487/1757/477 95/973/474
f 880/2448/478 96/975/479 97/976/480
f 880/2448/478 97/976/480 489/1760/481
f 880/2448/478 489/1760/481 488/1759/482
f 880/2448/478 488/1759/482 96/975/479
f 881/2449/483 97/977/484 98/978/485
f 881/2449/483 98/978/485 490/1762/486
f 881/2449/483 490/1762/486 489/1761/487
f 881/2449/483 489/1761/487 97/977/484
f 882/2450/488 98/979/489 99/980/490
f 882/2450/488 99/980/490 491/1764/491
f 882/2450/488 491/1764/491 490/1763/492
f 882/2450/488 490/1763/492 98/979/489
f 883/2451/493 99/981/494 100/982/495
f 883/2451/493 100/982/495 492/1766/496
f 883/2451/493 492/1766/496 491/1765/497
f 883/2451/493 491/1765/497 99/981/494
f 884/2452/498 100/983/499 101/984/500
f 884/2452/498 101/984/500 493/1768/501
f 884/2452/498 493/1768/501 492/1767/502
f 884/2452/498 492/1767/502 100/983/499
f 885/2453/503 101/985/504 102/986/505
f 885/2453/503 102/986/505 494/1770/506
f 885/2453/503 494/1770/506 493/1769/507
f 885/2453/503 493/1769/507 101/985/504
f 886/2454/508 102/987/509 103/988/510
f 886/2454/508 103/988/510 495/1772/511
f 886/2454/508 495/1772/511 494/1771/512
f 886/2454/508 494/1771/512 102/987/509
f 887/2455/513 103/989/514 104/990/515
f 887/2455/513 104/990/515 496/1774/516
f 887/2455/513 496/1774/516 495/1773/517
f 887/2455/513 495/1773/517 103/989/514
f 888/2456/518 104/991/519 105/992/520
f 888/2456/518 105/992/520 497/1776/521
f 888/2456/518 497/1776/521 496/1775/522
f 888/2456/518 496/1775/522 104/991/519
f 889/2457/523 105/993/524 106/994/525
f 889/2457/523 106/994/525 498/1778/526
f 889/2457/523 498/1778/526 497/1777/527
f 889/2457/523 497/1777/527 105/993/524
f 890/2458/528 106/995/529 107/996/530
f 890/2458/528 107/996/530 499/1780/531
f 890/2458/528 499/1780/531 498/1779/532
f 890/2458/528 498/1779/532 106/995/529
f 891/2459/533 107/997/534 108/998/535
f 891/2459/533 108/998/535 500/1782/536
f 891/2459/533 500/1782/536 499/1781/537
f 891/2459/533 499/1781/537 107/997/534
f 892/2460/538 108/999/539 109/1000/540
f 892/2460/538 109/1000/540 501/1784/541
f 892/2460/538 501/1784/541 500/1783/542
f 892/2460/538 500/1783/542 108/999/539
f 893/2461/543 109/1001/544 110/1002/545
f 893/2461/543 110/1002/545 502/1786/546
f 893/2461/543 502/1786/546 501/1785/547
f 893/2461/543 501/1785/547 109/1001/544
f 894/2462/548 110/1003/549 111/1004/550
f 894/2462/548 111/1004/550 503/1788/551
f 894/2462/548 503/1788/551 502/1787/552
f 894/2462/548 502/1787/552 110/1003/549
f 895/2463/553 111/1005/554 112/1006/555
f 895/2463/553 112/1006/555 504/1790/556
f 895/2463/553 504/1790/556 503/1789/557
f 895/2463/553 503/1789/557 111/1005/554
f 896/2464/558 112/1007/559 113/1008/560
f 896/2464/558 113/1008/560 505/1792/561
f 896/2464/558 505/1792/561 504/1791/562
f 896/2464/558 504/1791/562 112/1007/559
f 897/2465/563 113/1009/564 114/1010/565
f 897/2465/563 114/1010/565 506/1794/566
f 897/2465/563 506/1794/566 505/1793/567
f 897/2465/563 505/1793/567 113/1009/564
f 898/2466/568 114/1011/569 115/1012/570
f 898/2466/568 115/1012/570 507/1796/571
f 898/2466/568 507/1796/571 506/1795/572
f 898/2466/568 506/1795/572 114/1011/569
f 899/2467/573 115/1013/574 116/1014/575
f 899/2467/573 116/1014/575 508/1798/576
f 899/2467/573 508/1798/576 507/1797/577
f 899/2467/573 507/1797/577 115/1013/574
f 900/2468/578 116/1015/579 117/1016/580
f 900/2468/578 117/1016/580 509/1800/581
f 900/2468/578 509/1800/581 508/1799/582
f 900/2468/578 508/1799/582 116/1015/579
f 901/2469/583 117/1017/584 118/1018/585
f 901/2469/583 118/1018/585 510/1802/586
f 901/2469/583 510/1802/586 509/1801/587
f 901/2469/583 509/1801/587 117/1017/584
f 902/2470/588 118/1019/589 119/1020/590
f 902/2470/588 119/1020/590 511/1804/591
f 902/2470/588 511/1804/591 510/1803/592
f 902/2470/588 510/1803/592 118/1019/589
f 903/2471/593 119/1021/594 120/1022/595
f 903/2471/593 120/1022/595 512/1806/596
f 903/2471/593 512/1806/596 511/1805/597
f 903/2471/593 511/1805/597 119/1021/594
f 904/2472/598 120/1023/599 121/1024/600
f 904/2472/598 121/1024/600 513/1808/601
f 904/2472/598 513/1808/601 512/1807/602
f 904/2472/598 512/1807/602 120/1023/599
f 905/2473/603 121/1025/604 122/1026/605
f 905/2473/603 122/1026/605 514/1810/606
f 905/2473/603 514/1810/606 513/1809/607
f 905/2473/603 513/1809/607 121/1025/604
f 906/2474/608 122/1027/609 123/1028/610
f 906/2474/608 123/1028/610 515/1812/611
f 906/2474/608 515/1812/611 514/1811/612
f 906/2474/608 514/1811/612 122/1027/609
f 907/2475/613 123/1029/614 124/1030/615
f 907/2475/613 124/1030/615 516/1814/616
f 907/2475/613 516/1814/616 515/1813/617
f 907/2475/613 515/1813/617 123/1029/614
f 908/2476/618 124/1031/619 125/1032/620
f 908/2476/618 125/1032/620 517/1816/621
f 908/2476/618 517/1816/621 516/1815/622
f 908/2476/618 516/1815/622 124/1031/619
f 909/2477/623 125/1033/624 126/1034/625
f 909/2477/623 126/1034/625 518/1818/626
f 909/2477/623 518/1818/626 517/1817/627
f 909/2477/623 517/1817/627 125/1033/624
f 910/2478/628 126/1035/629 127/1036/630
f 910/2478/628 127/1036/630 519/1820/631
f 910/2478/628 519/1820/631 518/1819/632
f 910/2478/628 518/1819/632 126/1035/629
f 911/2479/633 127/1037/634 128/1038/635
f 911/2479/633 128/1038/635 520/1822/636
f 911/2479/633 520/1822/636 519/1821/637
f 911/2479/633 519/1821/637 127/1037/634
f 912/2480/638 128/1039/639 129/1040/640
f 912/2480/638 129/1040/640 521/1824/641
f 912/2480/638 521/1824/641 520/1823/642
f 912/2480/638 520/1823/642 128/1039/639
f 913/2481/643 129/1041/644 130/1042/645
f 913/2481/643 130/1042/645 522/1826/646
f 913/2481/643 522/1826/646 521/1825/647
f 913/2481/643 521/1825/647 129/1041/644
f 914/2482/648 130/1043/649 131/1044/650
f 914/2482/648 131/1044/650 523/1828/651
f 914/2482/648 523/1828/651 522/1827/652
f 914/2482/648 522/1827/652 130/1043/649
f 915/2483/653 131/1045/654 132/1046/655
f 915/2483/653 132/1046/655 524/1830/656
f 915/2483/653 524/1830/656 523/1829/657
f 915/2483/653 523/1829/657 131/1045/654
f 916/2484/658 132/1047/659 133/1048/660
f 916/2484/658 133/1048/660 525/1832/661
f 916/2484/658 525/1832/661 524/1831/662
f 916/2484/658 524/1831/662 132/1047/659
f 917/2485/663 133/1049/664 134/1050/665
f 917/2485/663 134/1050/665 526/1834/666
f 917/2485/663 526/1834/666 525/1833/667
f 917/2485/663 525/1833/667 133/1049/664
f 918/2486/668 134/1051/669 135/1052/670
f 918/2486/668 135/1052/670 527/1836/671
f 918/2486/668 527/1836/671 526/1835/672
f 918/2486/668 526/1835/672 134/1051/669
f 919/2487/673 135/1053/674 136/1054/675
f 919/2487/673 136/1054/675 528/1838/676
f 919/2487/673 528/1838/676 527/1837/677
f 919/2487/673 527/1837/677 135/1053/674
f 920/2488/678 136/1055/679 137/1056/680
f 920/2488/678 137/1056/680 529/1840/681
f 920/2488/678 529/1840/681 528/1839/682
f 920/2488/678 528/1839/682 136/1055/679
f 921/2489/683 137/1057/684 138/1058/685
f 921/2489/683 138/1058/685 530/1842/686
f 921/2489/683 530/1842/686 529/1841/687
f 921/2489/683 529/1841/687 137/1057/684
f 922/2490/688 138/1059/689 139/1060/690
f 922/2490/688 139/1060/690 531/1844/691
f 922/2490/688 531/1844/691 530/1843/692
f 922/2490/688 530/1843/692 138/1059/689
f 923/2491/693 139/1061/694 140/1062/695
f 923/2491/693 140/1062/695 532/1846/696
f 923/2491/693 532/1846/696 531/1845/697
f 923/2491/693 531/1845/697 139/1061/694
f 924/2492/698 140/1063/699 141/1064/700
f 924/2492/698 141/1064/700 533/1848/701
f 924/2492/698 533/1848/701 532/1847/702
f 924/2492/698 532/1847/702 140/1063/699
f 925/2493/703 141/1065/704 142/1066/705
f 925/2493/703 142/1066/705 534/1850/706
f 925/2493/703 534/1850/706 533/1849/707
f 925/2493/703 533/1849/707 141/1065/704
f 926/2494/708 142/1067/709 143/1068/710
f 926/2494/708 143/1068/710 535/1852/711
f 926/2494/708 535/1852/711 534/1851/712
f 926/2494/708 534/1851/712 142/1067/709
f 927/2495/713 143/1069/714 144/1070/715
f 927/2495/713 144/1070/715 536/1854/716
f 927/2495/713 536/1854/716 535/1853/717
f 927/2495/713 535/1853/717 143/1069/714
f 928/2496/718 144/1071/719 145/1072/720
f 928/2496/718 145/1072/720 537/1856/721
f 928/2496/718 537/1856/721 536/1855/722
f 928/2496/718 536/1855/722 144/1071/719
f 929/2497/723 145/1073/724 146/1074/725
f 929/2497/723 146/1074/725 538/1858/726
f 929/2497/723 538/1858/726 537/1857/727
f 929/2497/723 537/1857/727 145/1073/724
f 930/2498/728 146/1075/729 147/1076/730
f 930/2498/728 147/1076/730 539/1860/731
f 930/2498/728 539/1860/731 538/1859/732
f 930/2498/728 538/1859/732 146/1075/729
f 931/2499/733 147/1077/734 148/1078/735
f 931/2499/733 148/1078/735 540/1862/736
f 931/2499/733 540/1862/736 539/1861/737
f 931/2499/733 539/1861/737 147/1077/734
f 932/2500/738 148/1079/739 149/1080/740
f 932/2500/738 149/1080/740 541/1864/741
f 932/2500/738 541/1864/741 540/1863/742
f 932/2500/738 540/1863/742 148/1079/739
f 933/2501/743 149/1081/744 150/1082/745
f 933/2501/743 150/1082/745 542/1866/746
f 933/2501/743 542/1866/746 541/1865/747
f 933/2501/743 541/1865/747 149/1081/744
f 934/2502/748 150/1083/749 151/1084/750
f 934/2502/748 151/1084/750 543/1868/751
f 934/2502/748 543/1868/751 542/1867/752
f 934/2502/748 542/1867/752 150/1083/749
f 935/2503/753 151/1085/754 152/1086/755
f 935/2503/753 152/1086/755 544/1870/756
f 935/2503/753 544/1870/756 543/1869/757
f 935/2503/753 543/1869/757 151/1085/754
f 936/2504/758 152/1087/759 153/1088/760
f 936/2504/758 153/1088/760 545/1872/761
f 936/2504/758 545/1872/761 544/1871/762
f 936/2504/758 544/1871/762 152/1087/759
f 937/2505/763 153/1089/764 154/1090/765
f 937/2505/763 154/1090/765 546/1874/766
f 937/2505/763 546/1874/766 545/1873/767
f 937/2505/763 545/1873/767 153/1089/764
f 938/2506/768 154/1091/769 155/1092/770
f 938/2506/768 155/1092/770 547/1876/771
f 938/2506/768 547/1876/771 546/1875/772
f 938/2506/768 546/1875/772 154/1091/769
f 939/2507/773 155/1093/774 156/1094/775
f 939/2507/773 156/1094/775 548/1878/776
f 939/2507/773 548/1878/776 547/1877/777
f 939/2507/773 547/1877/777 155/1093/774
f 940/2508/778 156/1095/779 157/1096/780
f 940/2508/778 157/1096/780 549/1880/781
f 940/2508/778 549/1880/781 548/1879/782
f 940/2508/778 548/1879/782 156/1095/779
f 941/2509/783 157/1097/784 158/1098/785
f 941/2509/783 158/1098/785 550/1882/786
f 941/2509/783 550/1882/786 549/1881/787
f 941/2509/783 549/1881/787 157/1097/784
f 942/2510/788 158/1099/789 159/1100/790
f 942/2510/788 159/1100/790 551/1884/791
f 942/2510/788 551/1884/791 550/1883/792
f 942/2510/788 550/1883/792 158/1099/789
f 943/2511/793 159/1101/794 160/1102/795
f 943/2511/793 160/1102/795 552/1886/796
f 943/2511/793 552/1886/796 551/1885/797
f 943/2511/793 551/1885/797 159/1101/794
f 944/2512/798 160/1103/799 161/1104/800
f 944/2512/798 161/1104/800 553/1888/801
f 944/2512/798 553/1888/801 552/1887/802
f 944/2512/798 552/1887/802 160/1103/799
f 945/2513/803 161/1105/804 162/1106/805
f 945/2513/803 162/1106/805 554/1890/806
f 945/2513/803 554/1890/806 553/1889/807
f 945/2513/803 553/1889/807 161/1105/804
f 946/2514/808 162/1107/809 163/1108/810
f 946/2514/808 163/1108/810 555/1892/811
f 946/2514/808 555/1892/811 554/1891/812
f 946/2514/808 554/1891/812 162/1107/809
f 947/2515/813 163/1109/814 164/1110/815
f 947/2515/813 164/1110/815 556/1894/816
f 947/2515/813 556/1894/816 555/1893/817
f 947/2515/813 555/1893/817 163/1109/814
f 948/2516/818 164/1111/819 165/1112/820
f 948/2516/818 165/1112/820 557/1896/821
f 948/2516/818 557/1896/821 556/1895/822
f 948/2516/818 556/1895/822 164/1111/819
f 949/2517/823 165/1113/824 166/1114/825
f 949/2517/823 166/1114/825 558/1898/826
f 949/2517/823 558/1898/826 557/1897/827
f 949/2517/823 557/1897/827 165/1113/824
f 950/2518/828 166/1115/829 167/1116/830
f 950/2518/828 167/1116/830 559/1900/831
f 950/2518/828 559/1900/831 558/1899/832
f 950/2518/828 558/1899/832 166/1115/829
f 951/2519/833 167/1117/834 168/1118/835
f 951/2519/833 168/1118/835 560/1902/836
f 951/2519/833 560/1902/836 559/1901/837
f 951/2519/833 559/1901/837 167/1117/834
f 952/2520/838 168/1119/839 169/1120/840
f 952/2520/838 169/1120/840 561/1904/841
f 952/2520/838 561/1904/841 560/1903/842
f 952/2520/838 560/1903/842 168/1119/839
f 953/2521/843 169/1121/844 170/1122/845
f 953/2521/843 170/1122/845 562/1906/846
f 953/2521/843 562/1906/846 561/1905/847
f 953/2521/843 561/1905/847 169/1121/844
f 954/2522/848 170/1123/849 171/1124/850
f 954/2522/848 171/1124/850 563/1908/851
f 954/2522/848 563/1908/851 562/1907/852
f 954/2522/848 562/1907/852 170/1123/849
f 955/2523/853 171/1125/854 172/1126/855
f 955/2523/853 172/1126/855 564/1910/856
f 955/2523/853 564/1910/856 563/1909/857
f 955/2523/853 563/1909/857 171/1125/854
f 956/2524/858 172/1127/859 173/1128/860
f 956/2524/858 173/1128/860 565/1912/861
f 956/2524/858 565/1912/861 564/1911/862
f 956/2524/858 564/1911/862 172/1127/859
f 957/2525/863 173/1129/864 174/1130/865
f 957/2525/863 174/1130/865 566/1914/866
f 957/2525/863 566/1914/866 565/1913/867
f 957/2525/863 565/1913/867 173/1129/864
f 958/2526/868 174/1131/869 175/1132/870
f 958/2526/868 175/1132/870 567/1916/871
f 958/2526/868 567/1916/871 566/1915/872
f 958/2526/868 566/1915/872 174/1131/869
f 959/2527/873 175/1133/874 176/1134/875
f 959/2527/873 176/1134/875 568/1918/876
f 959/2527/873 568/1918/876 567/1917/877
f 959/2527/873 567/1917/877 175/1133/874
f 960/2528/878 176/1135/879 177/1136/880
f 960/2528/878 177/1136/880 569/1920/881
f 960/2528/878 569/1920/881 568/1919/882
f 960/2528/878 568/1919/882 176/1135/879
f 961/2529/883 177/1137/884 178/1138/885
f 961/2529/883 178/1138/885 570/1922/886
f 961/2529/883 570/1922/886 569/1921/887
f 961/2529/883 569/1921/887 177/1137/884
f 962/2530/888 178/1139/889 179/1140/890
f 962/2530/888 179/1140/890 571/1924/891
f 962/2530/888 571/1924/891 570/1923/892
f 962/2530/888 570/1923/892 178/1139/889
f 963/2531/893 179/1141/894 180/1142/895
f 963/2531/893 180/1142/895 572/1926/896
f 963/2531/893 572/1926/896 571/1925/897
f 963/2531/893 571/1925/897 179/1141/894
f 964/2532/898 180/1143/899 181/1144/900
f 964/2532/898 181/1144/900 573/1928/901
f 964/2532/898 573/1928/901 572/1927/902
f 964/2532/898 572/1927/902 180/1143/899
f 965/2533/903 181/1145/904 182/1146/905
f 965/2533/903 182/1146/905 574/1930/906
f 965/2533/903 574/1930/906 573/1929/907
f 965/2533/903 573/1929/907 181/1145/904
f 966/2534/908 182/1147/909 183/1148/910
f 966/2534/908 183/1148/910 575/1932/911
f 966/2534/908 575/1932/911 574/1931/912
f 966/2534/908 574/1931/912 182/1147/909
f 967/2535/913 183/1149/914 184/1150/915
f 967/2535/913 184/1150/915 576/1934/916
f 967/2535/913 576/1934/916 575/1933/917
f 967/2535/913 575/1933/917 183/1149/914
f 968/2536/918 184/1151/919 185/1152/920
f 968/2536/918 185/1152/920 577/1936/921
f 968/2536/918 577/1936/921 576/1935/922
f 968/2536/918 576/1935/922 184/1151/919
f 969/2537/923 185/1153/924 186/1154/925
f 969/2537/923 186/1154/925 578/1938/926
f 969/2537/923 578/1938/926 577/1937/927
f 969/2537/923 577/1937/927 185/1153/924
f 970/2538/928 186/1155/929 187/1156/930
f 970/2538/928 187/1156/930 579/1940/931
f 970/2538/928 579/1940/931 578/1939/932
f 970/2538/928 578/1939/932 186/1155/929
f 971/2539/933 187/1157/934 188/1158/935
f 971/2539/933 188/1158/935 580/1942/936
f 971/2539/933 580/1942/936 579/1941/937
f 971/2539/933 579/1941/937 187/1157/934
f 972/2540/938 188/1159/939 189/1160/940
f 972/2540/938 189/1160/940 581/1944/941
f 972/2540/938 581/1944/941 580/1943/942
f 972/2540/938 580/1943/942 188/1159/939
f 973/2541/943 189/1161/944 190/1162/945
f 973/2541/943 190/1162/945 582/1946/946
f 973/2541/943 582/1946/946 581/1945/947
f 973/2541/943 581/1945/947 189/1161/944
f 974/2542/948 190/1163/949 191/1164/950
f 974/2542/948 191/1164/950 583/1948/951
f 974/2542/948 583/1948/951 582/1947/952
f 974/2542/948 582/1947/952 190/1163/949
f 975/2543/953 191/1165/954 192/1166/955
f 975/2543/953 192/1166/955 584/1950/956
f 975/2543/953 584/1950/956 583/1949/957
f 975/2543/953 583/1949/957 191/1165/954
f 976/2544/958 192/1167/959 193/1168/960
f 976/2544/958 193/1168/960 585/1952/961
f 976/2544/958 585/1952/961 584/1951/962
f 976/2544/958 584/1951/962 192/1167/959
f 977/2545/963 193/1169/964 194/1170/965
f 977/2545/963 194/1170/965 586/1954/966
f 977/2545/963 586/1954/966 585/1953/967
f 977/2545/963 585/1953/967 193/1169/964
f 978/2546/968 194/1171/969 195/1172/970
f 978/2546/968 195/1172/970 587/1956/971
f 978/2546/968 587/1956/971 586/1955/972
f 978/2546/968 586/1955/972 194/1171/969
f 979/2547/973 195/1173/974 196/1174/975
f 979/2547/973 196/1174/975 588/1958/976
f 979/2547/973 588/1958/976 587/1957/977
f 979/2547/973 587/1957/977 195/1173/974
f 980/2548/978 196/1175/979 197/1176/980
f 980/2548/978 197/1176/980 589/1960/981
f 980/2548/978 589/1960/981 588/1959/982
f 980/2548/978 588/1959/982 196/1175/979
f 981/2549/983 197/1177/984 198/1178/985
f 981/2549/983 198/1178/985 590/1962/986
f 981/2549/983 590/1962/986 589/1961/987
f 981/2549/983 589/1961/987 197/1177/984
f 982/2550/988 198/1179/989 199/1180/990
f 982/2550/988 199/1180/990 591/1964/991
f 982/2550/988 591/1964/991 590/1963/992
f 982/2550/988 590/1963/992 198/1179/989
f 983/2551/993 199/1181/994 200/1182/995
f 983/2551/993 200/1182/995 592/1966/996
f 983/2551/993 592/1966/996 591/1965/997
f 983/2551/993 591/1965/997 199/1181/994
f 984/2552/998 200/1183/999 201/1184/1000
f 984/2552/998 201/1184/1000 593/1968/1001
f 984/2552/998 593/1968/1001 592/1967/1002
f 984/2552/998 592/1967/1002 200/1183/999
f 985/2553/1003 201/1185/1004 202/1186/1005
f 985/2553/1003 202/1186/1005 594/1970/1006
f 985/2553/1003 594/1970/1006 593/1969/1007
f 985/2553/1003 593/1969/1007 201/1185/1004
f 986/2554/1008 202/1187/1009 203/1188/1010
f 986/2554/1008 203/1188/1010 595/1972/1011
f 986/2554/1008 595/1972/1011 594/1971/1012
f 986/2554/1008 594/1971/1012 202/1187/1009
f 987/2555/1013 203/1189/1014 204/1190/1015
f 987/2555/1013 204/1190/1015 596/1974/1016
f 987/2555/1013 596/1974/1016 595/1973/1017
f 987/2555/1013 595/1973/1017 203/1189/1014
f 988/2556/1018 204/1191/1019 205/1192/1020
f 988/2556/1018 205/1192/1020 597/1976/1021
f 988/2556/1018 597/1976/1021 596/1975/1022
f 988/2556/1018 596/1975/1022 204/1191/1019
f 989/2557/1023 205/1193/1024 206/1194/1025
f 989/2557/1023 206/1194/1025 598/1978/1026
f 989/2557/1023 598/1978/1026 597/1977/1027
f 989/2557/1023 597/1977/1027 205/1193/1024
f 990/2558/1028 206/1195/1029 207/1196/1030
f 990/2558/1028 207/1196/1030 599/1980/1031
f 990/2558/1028 599/1980/1031 598/1979/1032
f 990/2558/1028 598/1979/1032 206/1195/1029
f 991/2559/1033 207/1197/1034 208/1198/1035
f 991/2559/1033 208/1198/1035 600/1982/1036
f 991/2559/1033 600/1982/1036 599/1981/1037
f 991/2559/1033 599/1981/1037 207/1197/1034
f 992/2560/1038 208/1199/1039 209/1200/1040
f 992/2560/1038 209/1200/1040 601/1984/1041
f 992/2560/1038 601/1984/1041 600/1983/1042
f 992/2560/1038 600/1983/1042 208/1199/1039
f 993/2561/1043 209/1201/1044 210/1202/1045
f 993/2561/1043 210/1202/1045 602/1986/1046
f 993/2561/1043 602/1986/1046 601/1985/1047
f 993/2561/1043 601/1985/1047 209/1201/1044
f 994/2562/1048 210/1203/1049 211/1204/1050
f 994/2562/1048 211/1204/1050 603/1988/1051
f 994/2562/1048 603/1988/1051 602/1987/1052
f 994/2562/1048 602/1987/1052 210/1203/1049
f 995/2563/1053 211/1205/1054 212/1206/1055
f 995/2563/1053 212/1206/1055 604/1990/1056
f 995/2563/1053 604/1990/1056 603/1989/1057
f 995/2563/1053 603/1989/1057 211/1205/1054
f 996/2564/1058 212/1207/1059 213/1208/1060
f 996/2564/1058 213/1208/1060 605/1992/1061
f 996/2564/1058 605/1992/1061 604/1991/1062
f 996/2564/1058 604/1991/1062 212/1207/1059
f 997/2565/1063 213/1209/1064 214/1210/1065
f 997/2565/1063 214/1210/1065 606/1994/1066
f 997/2565/1063 606/1994/1066 605/1993/1067
f 997/2565/1063 605/1993/1067 213/1209/1064
f 998/2566/1068 214/1211/1069 215/1212/1070
f 998/2566/1068 215/1212/1070 607/1996/1071
f 998/2566/1068 607/1996/1071 606/1995/1072
f 998/2566/1068 606/1995/1072 214/1211/1069
f 999/2567/1073 215/1213/1074 216/1214/1075
f 999/2567/1073 216/1214/1075 608/1998/1076
f 999/2567/1073 608/1998/1076 607/1997/1077
f 999/2567/1073 607/1997/1077 215/1213/1074
f 1000/2568/1078 216/1215/1079 217/1216/1080
f 1000/2568/1078 217/1216/1080 609/2000/1081
f 1000/2568/1078 609/2000/1081 608/1999/1082
f 1000/2568/1078 608/1999/1082 216/1215/1079
f 1001/2569/1083 217/1217/1084 218/1218/1085
f 1001/2569/1083 218/1218/1085 610/2002/1086
f 1001/2569/1083 610/2002/1086 609/2001/1087
f 1001/2569/1083 609/2001/1087 217/1217/1084
f 1002/2570/1088 218/1219/1089 219/1220/1090
f 1002/2570/1088 219/1220/1090 611/2004/1091
f 1002/2570/1088 611/2004/1091 610/2003/1092
f 1002/2570/1088 610/2003/1092 218/1219/1089
f 1003/2571/1093 219/1221/1094 220/1222/1095
f 1003/2571/1093 220/1222/1095 612/2006/1096
f 1003/2571/1093 612/2006/1096 611/2005/1097
f 1003/2571/1093 611/2005/1097 219/1221/1094
f 1004/2572/1098 220/1223/1099 221/1224/1100
f 1004/2572/1098 221/1224/1100 613/2008/1101
f 1004/2572/1098 613/2008/1101 612/2007/1102
f 1004/2572/1098 612/2007/1102 220/1223/1099
f 1005/2573/1103 221/1225/1104 222/1226/1105
f 1005/2573/1103 222/1226/1105 614/2010/1106
f 1005/2573/1103 614/2010/1106 613/2009/1107
f 1005/2573/1103 613/2009/1107 221/1225/1104
f 1006/2574/1108 222/1227/1109 223/1228/1110
f 1006/2574/1108 223/1228/1110 615/2012/1111
f 1006/2574/1108 615/2012/1111 614/2011/1112
f 1006/2574/1108 614/2011/1112 222/1227/1109
f 1007/2575/1113 223/1229/1114 224/1230/1115
f 1007/2575/1113 224/1230/1115 616/2014/1116
f 1007/2575/1113 616/2014/1116 615/2013/1117
f 1007/2575/1113 615/2013/1117 223/1229/1114
f 1008/2576/1118 224/1231/1119 225/1232/1120
f 1008/2576/1118 225/1232/1120 617/2016/1121
f 1008/2576/1118 617/2016/1121 616/2015/1122
f 1008/2576/1118 616/2015/1122 224/1231/1119
f 1009/2577/1123 225/1233/1124 226/1234/1125
f 1009/2577/1123 226/1234/1125 618/2018/1126
f 1009/2577/1123 618/2018/1126 617/2017/1127
f 1009/2577/1123 617/2017/1127 225/1233/1124
f 1010/2578/1128 226/1235/1129 227/1236/1130
f 1010/2578/1128 227/1236/1130 619/2020/1131
f 1010/2578/1128 619/2020/1131 618/2019/1132
f 1010/2578/1128 618/2019/1132 226/1235/1129
f 1011/2579/1133 227/1237/1134 228/1238/1135
f 1011/2579/1133 228/1238/1135 620/2022/1136
f 1011/2579/1133 620/2022/1136 619/2021/1137
f 1011/2579/1133 619/2021/1137 227/1237/1134
f 1012/2580/1138 228/1239/1139 229/1240/1140
f 1012/2580/1138 229/1240/1140 621/2024/1141
f 1012/2580/1138 621/2024/1141 620/2023/1142
f 1012/2580/1138 620/2023/1142 228/1239/1139
f 1013/2581/1143 229/1241/1144 230/1242/1145
f 1013/2581/1143 230/1242/1145 622/2026/1146
f 1013/2581/1143 622/2026/1146 621/2025/1147
f 1013/2581/1143 621/2025/1147 229/1241/1144
f 1014/2582/1148 230/1243/1149 231/1244/1150
f 1014/2582/1148 231/1244/1150 623/2028/1151
f 1014/2582/1148 623/2028/1151 622/2027/1152
f 1014/2582/1148 622/2027/1152 230/1243/1149
f 1015/2583/1153 231/1245/1154 232/1246/1155
f 1015/2583/1153 232/1246/1155 624/2030/1156
f 1015/2583/1153 624/2030/1156 623/2029/1157
f 1015/2583/1153 623/2029/1157 231/1245/1154
f 1016/2584/1158 232/1247/1159 233/1248/1160
f 1016/2584/1158 233/1248/1160 625/2032/1161
f 1016/2584/1158 625/2032/1161 624/2031/1162
f 1016/2584/1158 624/2031/1162 232/1247/1159
f 1017/2585/1163 233/1249/1164 234/1250/1165
f 1017/2585/1163 234/1250/1165 626/2034/1166
f 1017/2585/1163 626/2034/1166 625/2033/1167
f 1017/2585/1163 625/2033/1167 233/1249/1164
f 1018/2586/1168 234/1251/1169 235/1252/1170
f 1018/2586/1168 235/1252/1170 627/2036/1171
f 1018/2586/1168 627/2036/1171 626/2035/1172
f 1018/2586/1168 626/2035/1172 234/1251/1169
f 1019/2587/1173 235/1253/1174 236/1254/1175
f 1019/2587/1173 236/1254/1175 628/2038/1176
f 1019/2587/1173 628/2038/1176 627/2037/1177
f 1019/2587/1173 627/2037/1177 235/1253/1174
f 1020/2588/1178 236/1255/1179 237/1256/1180
f 1020/2588/1178 237/1256/1180 629/2040/1181
f 1020/2588/1178 629/2040/1181 628/2039/1182
f 1020/2588/1178 628/2039/1182 236/1255/1179
f 1021/2589/1183 237/1257/1184 238/1258/1185
f 1021/2589/1183 238/1258/1185 630/2042/1186
f 1021/2589/1183 630/2042/1186 629/2041/1187
f 1021/2589/1183 629/2041/1187 237/1257/1184
f 1022/2590/1188 238/1259/1189 239/1260/1190
f 1022/2590/1188 239/1260/1190 631/2044/1191
f 1022/2590/1188 631/2044/1191 630/2043/1192
f 1022/2590/1188 630/2043/1192 238/1259/1189
f 1023/2591/1193 239/1261/1194 240/1262/1195
f 1023/2591/1193 240/1262/1195 632/2046/1196
f 1023/2591/1193 632/2046/1196 631/2045/1197
f 1023/2591/1193 631/2045/1197 239/1261/1194
f 1024/2592/1198 240/1263/1199 241/1264/1200
f 1024/2592/1198 241/1264/1200 633/2048/1201
f 1024/2592/1198 633/2048/1201 632/2047/1202
f 1024/2592/1198 632/2047/1202 240/1263/1199
f 1025/2593/1203 241/1265/1204 242/1266/1205
f 1025/2593/1203 242/1266/1205 634/2050/1206
f 1025/2593/1203 634/2050/1206 633/2049/1207
f 1025/2593/1203 633/2049/1207 241/1265/1204
f 1026/2594/1208 242/1267/1209 243/1268/1210
f 1026/2594/1208 243/1268/1210 635/2052/1211
f 1026/2594/1208 635/2052/1211 634/2051/1212
f 1026/2594/1208 634/2051/1212 242/1267/1209
f 1027/2595/1213 243/1269/1214 244/1270/1215
f 1027/2595/1213 244/1270/1215 636/2054/1216
f 1027/2595/1213 636/2054/1216 635/2053/1217
f 1027/2595/1213 635/2053/1217 243/1269/1214
f 1028/2596/1218 244/1271/1219 245/1272/1220
f 1028/2596/1218 245/1272/1220 637/2056/1221
f 1028/2596/1218 637/2056/1221 636/2055/1222
f 1028/2596/1218 636/2055/1222 244/1271/1219
f 1029/2597/1223 245/1273/1224 246/1274/1225
f 1029/2597/1223 246/1274/1225 638/2058/1226
f 1029/2597/1223 638/2058/1226 637/2057/1227
f 1029/2597/1223 637/2057/1227 245/1273/1224
f 1030/2598/1228 246/1275/1229 247/1276/1230
f 1030/2598/1228 247/1276/1230 639/2060/1231
f 1030/2598/1228 639/2060/1231 638/2059/1232
f 1030/2598/1228 638/2059/1232 246/1275/1229
f 1031/2599/1233 247/1277/1234 248/1278/1235
f 1031/2599/1233 248/1278/1235 640/2062/1236
f 1031/2599/1233 640/2062/1236 639/2061/1237
f 1031/2599/1233 639/2061/1237 247/1277/1234
f 1032/2600/1238 248/1279/1239 249/1280/1240
f 1032/2600/1238 249/1280/1240 641/2064/1241
f 1032/2600/1238 641/2064/1241 640/2063/1242
f 1032/2600/1238 640/2063/1242 248/1279/1239
f 1033/2601/1243 249/1281/1244 250/1282/1245
f 1033/2601/1243 250/1282/1245 642/2066/1246
f 1033/2601/1243 642/2066/1246 641/2065/1247
f 1033/2601/1243 641/2065/1247 249/1281/1244
f 1034/2602/1248 250/1283/1249 251/1284/1250
f 1034/2602/1248 251/1284/1250 643/2068/1251
f 1034/2602/1248 643/2068/1251 642/2067/1252
f 1034/2602/1248 642/2067/1252 250/1283/1249
f 1035/2603/1253 251/1285/1254 252/1286/1255
f 1035/2603/1253 252/1286/1255 644/2070/1256
f 1035/2603/1253 644/2070/1256 643/2069/1257
f 1035/2603/1253 643/2069/1257 251/1285/1254
f 1036/2604/1258 252/1287/1259 253/1288/1260
f 1036/2604/1258 253/1288/1260 645/2072/1261
f 1036/2604/1258 645/2072/1261 644/2071/1262
f 1036/2604/1258 644/2071/1262 252/1287/1259
f 1037/2605/1263 253/1289/1264 254/1290/1265
f 1037/2605/1263 254/1290/1265 646/2074/1266
f 1037/2605/1263 646/2074/1266 645/2073/1267
f 1037/2605/1263 645/2073/1267 253/1289/1264
f 1038/2606/1268 254/1291/1269 255/1292/1270
f 1038/2606/1268 255/1292/1270 647/2076/1271
f 1038/2606/1268 647/2076/1271 646/2075/1272
f 1038/2606/1268 646/2075/1272 254/1291/1269
f 1039/2607/1273 255/1293/1274 256/1294/1275
f 1039/2607/1273 256/1294/1275 648/2078/1276
f 1039/2607/1273 648/2078/1276 647/2077/1277
f 1039/2607/1273 647/2077/1277 255/1293/1274
f 1040/2608/1278 256/1295/1279 257/1296/1280
f 1040/2608/1278 257/1296/1280 649/2080/1281
f 1040/2608/1278 649/2080/1281 648/2079/1282
f 1040/2608/1278 648/2079/1282 256/1295/1279
f 1041/2609/1283 257/1297/1284 258/1298/1285
f 1041/2609/1283 258/1298/1285 650/2082/1286
f 1041/2609/1283 650/2082/1286 649/2081/1287
f 1041/2609/1283 649/2081/1287 257/1297/1284
f 1042/2610/1288 258/1299/1289 259/1300/1290
f 1042/2610/1288 259/1300/1290 651/2084/1291
f 1042/2610/1288 651/2084/1291 650/2083/1292
f 1042/2610/1288 650/2083/1292 258/1299/1289
f 1043/2611/1293 259/1301/1294 260/1302/1295
f 1043/2611/1293 260/1302/1295 652/2086/1296
f 1043/2611/1293 652/2086/1296 651/2085/1297
f 1043/2611/1293 651/2085/1297 259/1301/1294
f 1044/2612/1298 260/1303/1299 261/1304/1300
f 1044/2612/1298 261/1304/1300 653/2088/1301
f 1044/2612/1298 653/2088/1301 652/2087/1302
f 1044/2612/1298 652/2087/1302 260/1303/1299
f 1045/2613/1303 261/1305/1304 262/1306/1305
f 1045/2613/1303 262/1306/1305 654/2090/1306
f 1045/2613/1303 654/2090/1306 653/2089/1307
f 1045/2613/1303 653/2089/1307 261/1305/1304
f 1046/2614/1308 262/1307/1309 263/1308/1310
f 1046/2614/1308 263/1308/1310 655/2092/1311
f 1046/2614/1308 655/2092/1311 654/2091/1312
f 1046/2614/1308 654/2091/1312 262/1307/1309
f 1047/2615/1313 263/1309/1314 264/1310/1315
f 1047/2615/1313 264/1310/1315 656/2094/1316
f 1047/2615/1313 656/2094/1316 655/2093/1317
f 1047/2615/1313 655/2093/1317 263/1309/1314
f 1048/2616/1318 264/1311/1319 265/1312/1320
f 1048/2616/1318 265/1312/1320 657/2096/1321
f 1048/2616/1318 657/2096/1321 656/2095/1322
f 1048/2616/1318 656/2095/1322 264/1311/1319
f 1049/2617/1323 265/1313/1324 266/1314/1325
f 1049/2617/1323 266/1314/1325 658/2098/1326
f 1049/2617/1323 658/2098/1326 657/2097/1327
f 1049/2617/1323 657/2097/1327 265/1313/1324
f 1050/2618/1328 266/1315/1329 267/1316/1330
f 1050/2618/1328 267/1316/1330 659/2100/1331
f 1050/2618/1328 659/2100/1331 658/2099/1332
f 1050/2618/1328 658/2099/1332 266/1315/1329
f 1051/2619/1333 267/1317/1334 268/1318/1335
f 1051/2619/1333 268/1318/1335 660/2102/1336
f 1051/2619/1333 660/2102/1336 659/2101/1337
f 1051/2619/1333 659/2101/1337 267/1317/1334
f 1052/2620/1338 268/1319/1339 269/1320/1340
f 1052/2620/1338 269/1320/1340 661/2104/1341
f 1052/2620/1338 661/2104/1341 660/2103/1342
f 1052/2620/1338 660/2103/1342 268/1319/1339
f 1053/2621/1343 269/1321/1344 270/1322/1345
f 1053/2621/1343 270/1322/1345 662/2106/1346
f 1053/2621/1343 662/2106/1346 661/2105/1347
f 1053/2621/1343 661/2105/1347 269/1321/1344
f 1054/2622/1348 270/1323/1349 271/1324/1350
f 1054/2622/1348 271/1324/1350 663/2108/1351
f 1054/2622/1348 663/2108/1351 662/2107/1352
f 1054/2622/1348 662/2107/1352 270/1323/1349
f 1055/2623/1353 271/1325/1354 272/1326/1355
f 1055/2623/1353 272/1326/1355 664/2110/1356
f 1055/2623/1353 664/2110/1356 663/2109/1357
f 1055/2623/1353 663/2109/1357 271/1325/1354
f 1056/2624/1358 272/1327/1359 273/1328/1360
f 1056/2624/1358 273/1328/1360 665/2112/1361
f 1056/2624/1358 665/2112/1361 664/2111/1362
f 1056/2624/1358 664/2111/1362 272/1327/1359
f 1057/2625/1363 273/1329/1364 274/1330/1365
f 1057/2625/1363 274/1330/1365 666/2114/1366
f 1057/2625/1363 666/2114/1366 665/2113/1367
f 1057/2625/1363 665/2113/1367 273/1329/1364
f 1058/2626/1368 274/1331/1369 275/1332/1370
f 1058/2626/1368 275/1332/1370 667/2116/1371
f 1058/2626/1368 667/2116/1371 666/2115/1372
f 1058/2626/1368 666/2115/1372 274/1331/1369
f 1059/2627/1373 275/1333/1374 276/1334/1375
f 1059/2627/1373 276/1334/1375 668/2118/1376
f 1059/2627/1373 668/2118/1376 667/2117/1377
f 1059/2627/1373 667/2117/1377 275/1333/1374
f 1060/2628/1378 276/1335/1379 277/1336/1380
f 1060/2628/1378 277/1336/1380 669/2120/1381
f 1060/2628/1378 669/2120/1381 668/2119/1382
f 1060/2628/1378 668/2119/1382 276/1335/1379
f 1061/2629/1383 277/1337/1384 278/1338/1385
f 1061/2629/1383 278/1338/1385 670/2122/1386
f 1061/2629/1383 670/2122/1386 669/2121/1387
f 1061/2629/1383 669/2121/1387 277/1337/1384
f 1062/2630/1388 278/1339/1389 279/1340/1390
f 1062/2630/1388 279/1340/1390 671/2124/1391
f 1062/2630/1388 671/2124/1391 670/2123/1392
f 1062/2630/1388 670/2123/1392 278/1339/1389
f 1063/2631/1393 279/1341/1394 280/1342/1395
f 1063/2631/1393 280/1342/1395 672/2126/1396
f 1063/2631/1393 672/2126/1396 671/2125/1397
f 1063/2631/1393 671/2125/1397 279/1341/1394
f 1064/2632/1398 280/1343/1399 281/1344/1400
f 1064/2632/1398 281/1344/1400 673/2128/1401
f 1064/2632/1398 673/2128/1401 672/2127/1402
f 1064/2632/1398 672/2127/1402 280/1343/1399
f 1065/2633/1403 281/1345/1404 282/1346/1405
f 1065/2633/1403 282/1346/1405 674/2130/1406
f 1065/2633/1403 674/2130/1406 673/2129/1407
f 1065/2633/1403 673/2129/1407 281/1345/1404
f 1066/2634/1408 282/1347/1409 283/1348/1410
f 1066/2634/1408 283/1348/1410 675/2132/1411
f 1066/2634/1408 675/2132/1411 674/2131/1412
f 1066/2634/1408 674/2131/1412 282/1347/1409
f 1067/2635/1413 283/1349/1414 284/1350/1415
f 1067/2635/1413 284/1350/1415 676/2134/1416
f 1067/2635/1413 676/2134/1416 675/2133/1417
f 1067/2635/1413 675/2133/1417 283/1349/1414
f 1068/2636/1418 284/1351/1419 285/1352/1420
f 1068/2636/1418 285/1352/1420 677/2136/1421
f 1068/2636/1418 677/2136/1421 676/2135/1422
f 1068/2636/1418 676/2135/1422 284/1351/1419
f 1069/2637/1423 285/1353/1424 286/1354/1425
f 1069/2637/1423 286/1354/1425 678/2138/1426
f 1069/2637/1423 678/2138/1426 677/2137/1427
f 1069/2637/1423 677/2137/1427 285/1353/1424
f 1070/2638/1428 286/1355/1429 287/1356/1430
f 1070/2638/1428 287/1356/1430 679/2140/1431
f 1070/2638/1428 679/2140/1431 678/2139/1432
f 1070/2638/1428 678/2139/1432 286/1355/1429
f 1071/2639/1433 287/1357/1434 288/1358/1435
f 1071/2639/1433 288/1358/1435 680/2142/1436
f 1071/2639/1433 680/2142/1436 679/2141/1437
f 1071/2639/1433 679/2141/1437 287/1357/1434
f 1072/2640/1438 288/1359/1439 289/1360/1440
f 1072/2640/1438 289/1360/1440 681/2144/1441
f 1072/2640/1438 681/2144/1441 680/2143/1442
f 1072/2640/1438 680/2143/1442 288/1359/1439
f 1073/2641/1443 289/1361/1444 290/1362/1445
f 1073/2641/1443 290/1362/1445 682/2146/1446
f 1073/2641/1443 682/2146/1446 681/2145/1447
f 1073/2641/1443 681/2145/1447 289/1361/1444
f 1074/2642/1448 290/1363/1449 291/1364/1450
f 1074/2642/1448 291/1364/1450 683/2148/1451
f 1074/2642/1448 683/2148/1451 682/2147/1452
f 1074/2642/1448 682/2147/1452 290/1363/1449
f 1075/2643/1453 291/1365/1454 292/1366/1455
f 1075/2643/1453 292/1366/1455 684/2150/1456
f 1075/2643/1453 684/2150/1456 683/2149/1457
f 1075/2643/1453 683/2149/1457 291/1365/1454
f 1076/2644/1458 292/1367/1459 293/1368/1460
f 1076/2644/1458 293/1368/1460 685/2152/1461
f 1076/2644/1458 685/2152/1461 684/2151/1462
f 1076/2644/1458 684/2151/1462 292/1367/1459
f 1077/2645/1463 293/1369/1464 294/1370/1465
f 1077/2645/1463 294/1370/1465 686/2154/1466
f 1077/2645/1463 686/2154/1466 685/2153/1467
f 1077/2645/1463 685/2153/1467 293/1369/1464
f 1078/2646/1468 294/1371/1469 295/1372/1470
f 1078/2646/1468 295/1372/1470 687/2156/1471
f 1078/2646/1468 687/2156/1471 686/2155/1472
f 1078/2646/1468 686/2155/1472 294/1371/1469
f 1079/2647/1473 295/1373/1474 296/1374/1475
f 1079/2647/1473 296/1374/1475 688/2158/1476
f 1079/2647/1473 688/2158/1476 687/2157/1477
f 1079/2647/1473 687/2157/1477 295/1373/1474
f 1080/2648/1478 296/1375/1479 297/1376/1480
f 1080/2648/1478 297/1376/1480 689/2160/1481
f 1080/2648/1478 689/2160/1481 688/2159/1482
f 1080/2648/1478 688/2159/1482 296/1375/1479
f 1081/2649/1483 297/1377/1484 298/1378/1485
f 1081/2649/1483 298/1378/1485 690/2162/1486
f 1081/2649/1483 690/2162/1486 689/2161/1487
f 1081/2649/1483 689/2161/1487 297/1377/1484
f 1082/2650/1488 298/1379/1489 299/1380/1490
f 1082/2650/1488 299/1380/1490 691/2164/1491
f 1082/2650/1488 691/2164/1491 690/2163/1492
f 1082/2650/1488 690/2163/1492 298/1379/1489
f 1083/2651/1493 299/1381/1494 300/1382/1495
f 1083/2651/1493 300/1382/1495 692/2166/1496
f 1083/2651/1493 692/2166/1496 691/2165/1497
f 1083/2651/1493 691/2165/1497 299/1381/1494
f 1084/2652/1498 300/1383/1499 301/1384/1500
f 1084/2652/1498 301/1384/1500 693/2168/1501
f 1084/2652/1498 693/2168/1501 692/2167/1502
f 1084/2652/1498 692/2167/1502 300/1383/1499
f 1085/2653/1503 301/1385/1504 302/1386/1505
f 1085/2653/1503 302/1386/1505 694/2170/1506
f 1085/2653/1503 694/2170/1506 693/2169/1507
f 1085/2653/1503 693/2169/1507 301/1385/1504
f 1086/2654/1508 302/1387/1509 303/1388/1510
f 1086/2654/1508 303/1388/1510 695/2172/1511
f 1086/2654/1508 695/2172/1511 694/2171/1512
f 1086/2654/1508 694/2171/1512 302/1387/1509
f 1087/2655/1513 303/1389/1514 304/1390/1515
f 1087/2655/1513 304/1390/1515 696/2174/1516
f 1087/2655/1513 696/2174/1516 695/2173/1517
f 1087/2655/1513 695/2173/1517 303/1389/1514
f 1088/2656/1518 304/1391/1519 305/1392/1520
f 1088/2656/1518 305/1392/1520 697/2176/1521
f 1088/2656/1518 697/2176/1521 696/2175/1522
f 1088/2656/1518 696/2175/1522 304/1391/1519
f 1089/2657/1523 305/1393/1524 306/1394/1525
f 1089/2657/1523 306/1394/1525 698/2178/1526
f 1089/2657/1523 698/2178/1526 697/2177/1527
f 1089/2657/1523 697/2177/1527 305/1393/1524
f 1090/2658/1528 306/1395/1529 307/1396/1530
f 1090/2658/1528 307/1396/1530 699/2180/1531
f 1090/2658/1528 699/2180/1531 698/2179/1532
f 1090/2658/1528 698/2179/1532 306/1395/1529
f 1091/2659/1533 307/1397/1534 308/1398/1535
f 1091/2659/1533 308/1398/1535 700/2182/1536
f 1091/2659/1533 700/2182/1536 699/2181/1537
f 1091/2659/1533 699/2181/1537 307/1397/1534
f 1092/2660/1538 308/1399/1539 309/1400/1540
f 1092/2660/1538 309/1400/1540 701/2184/1541
f 1092/2660/1538 701/2184/1541 700/2183/1542
f 1092/2660/1538 700/2183/1542 308/1399/1539
f 1093/2661/1543 309/1401/1544 310/1402/1545
f 1093/2661/1543 310/1402/1545 702/2186/1546
f 1093/2661/1543 702/2186/1546 701/2185/1547
f 1093/2661/1543 701/2185/1547 309/1401/1544
f 1094/2662/1548 310/1403/1549 311/1404/1550
f 1094/2662/1548 311/1404/1550 703/2188/1551
f 1094/2662/1548 703/2188/1551 702/2187/1552
f 1094/2662/1548 702/2187/1552 310/1403/1549
f 1095/2663/1553 311/1405/1554 312/1406/1555
f 1095/2663/1553 312/1406/1555 704/2190/1556
f 1095/2663/1553 704/2190/1556 703/2189/1557
f 1095/2663/1553 703/2189/1557 311/1405/1554
f 1096/2664/1558 312/1407/1559 313/1408/1560
f 1096/2664/1558 313/1408/1560 705/2192/1561
f 1096/2664/1558 705/2192/1561 704/2191/1562
f 1096/2664/1558 704/2191/1562 312/1407/1559
f 1097/2665/1563 313/1409/1564 314/1410/1565
f 1097/2665/1563 314/1410/1565 706/2194/1566
f 1097/2665/1563 706/2194/1566 705/2193/1567
f 1097/2665/1563 705/2193/1567 313/1409/1564
f 1098/2666/1568 314/1411/1569 315/1412/1570
f 1098/2666/1568 315/1412/1570 707/2196/1571
f 1098/2666/1568 707/2196/1571 706/2195/1572
f 1098/2666/1568 706/2195/1572 314/1411/1569
f 1099/2667/1573 315/1413/1574 316/1414/1575
f 1099/2667/1573 316/1414/1575 708/2198/1576
f 1099/2667/1573 708/2198/1576 707/2197/1577
f 1099/2667/1573 707/2197/1577 315/1413/1574
f 1100/2668/1578 316/1415/1579 317/1416/1580
f 1100/2668/1578 317/1416/1580 709/2200/1581
f 1100/2668/1578 709/2200/1581 708/2199/1582
f 1100/2668/1578 708/2199/1582 316/1415/1579
f 1101/2669/1583 317/1417/1584 318/1418/1585
f 1101/2669/1583 318/1418/1585 710/2202/1586
f 1101/2669/1583 710/2202/1586 709/2201/1587
f 1101/2669/1583 709/2201/1587 317/1417/1584
f 1102/2670/1588 318/1419/1589 319/1420/1590
f 1102/2670/1588 319/1420/1590 711/2204/1591
f 1102/2670/1588 711/2204/1591 710/2203/1592
f 1102/2670/1588 710/2203/1592 318/1419/1589
f 1103/2671/1593 319/1421/1594 320/1422/1595
f 1103/2671/1593 320/1422/1595 712/2206/1596
f 1103/2671/1593 712/2206/1596 711/2205/1597
f 1103/2671/1593 711/2205/1597 319/1421/1594
f 1104/2672/1598 320/1423/1599 321/1424/1600
f 1104/2672/1598 321/1424/1600 713/2208/1601
f 1104/2672/1598 713/2208/1601 712/2207/1602
f 1104/2672/1598 712/2207/1602 320/1423/1599
f 1105/2673/1603 321/1425/1604 322/1426/1605
f 1105/2673/1603 322/1426/1605 714/2210/1606
f 1105/2673/1603 714/2210/1606 713/2209/1607
f 1105/2673/1603 713/2209/1607 321/1425/1604
f 1106/2674/1608 322/1427/1609 323/1428/1610
f 1106/2674/1608 323/1428/1610 715/2212/1611
f 1106/2674/1608 715/2212/1611 714/2211/1612
f 1106/2674/1608 714/2211/1612 322/1427/1609
f 1107/2675/1613 323/1429/1614 324/1430/1615
f 1107/2675/1613 324/1430/1615 716/2214/1616
f 1107/2675/1613 716/2214/1616 715/2213/1617
f 1107/2675/1613 715/2213/1617 323/1429/1614
f 1108/2676/1618 324/1431/1619 325/1432/1620
f 1108/2676/1618 325/1432/1620 717/2216/1621
f 1108/2676/1618 717/2216/1621 716/2215/1622
f 1108/2676/1618 716/2215/1622 324/1431/1619
f 1109/2677/1623 325/1433/1624 326/1434/1625
f 1109/2677/1623 326/1434/1625 718/2218/1626
f 1109/2677/1623 718/2218/1626 717/2217/1627
f 1109/2677/1623 717/2217/1627 325/1433/1624
f 1110/2678/1628 326/1435/1629 327/1436/1630
f 1110/2678/1628 327/1436/1630 719/2220/1631
f 1110/2678/1628 719/2220/1631 718/2219/1632
f 1110/2678/1628 718/2219/1632 326/1435/1629
f 1111/2679/1633 327/1437/1634 328/1438/1635
f 1111/2679/1633 328/1438/1635 720/2222/1636
f 1111/2679/1633 720/2222/1636 719/2221/1637
f 1111/2679/1633 719/2221/1637 327/1437/1634
f 1112/2680/1638 328/1439/1639 329/1440/1640
f 1112/2680/1638 329/1440/1640 721/2224/1641
f 1112/2680/1638 721/2224/1641 720/2223/1642
f 1112/2680/1638 720/2223/1642 328/1439/1639
f 1113/2681/1643 329/1441/1644 330/1442/1645
f 1113/2681/1643 330/1442/1645 722/2226/1646
f 1113/2681/1643 722/2226/1646 721/2225/1647
f 1113/2681/1643 721/2225/1647 329/1441/1644
f 1114/2682/1648 330/1443/1649 331/1444/1650
f 1114/2682/1648 331/1444/1650 723/2228/1651
f 1114/2682/1648 723/2228/1651 722/2227/1652
f 1114/2682/1648 722/2227/1652 330/1443/1649
f 1115/2683/1653 331/1445/1654 332/1446/1655
f 1115/2683/1653 332/1446/1655 724/2230/1656
f 1115/2683/1653 724/2230/1656 723/2229/1657
f 1115/2683/1653 723/2229/1657 331/1445/1654
f 1116/2684/1658 332/1447/1659 333/1448/1660
f 1116/2684/1658 333/1448/1660 725/2232/1661
f 1116/2684/1658 725/2232/1661 724/2231/1662
f 1116/2684/1658 724/2231/1662 332/1447/1659
f 1117/2685/1663 333/1449/1664 334/1450/1665
f 1117/2685/1663 334/1450/1665 726/2234/1666
f 1117/2685/1663 726/2234/1666 725/2233/1667
f 1117/2685/1663 725/2233/1667 333/1449/1664
f 1118/2686/1668 334/1451/1669 335/1452/1670
f 1118/2686/1668 335/1452/1670 727/2236/1671
f 1118/2686/1668 727/2236/1671 726/2235/1672
f 1118/2686/1668 726/2235/1672 334/1451/1669
f 1119/2687/1673 335/1453/1674 336/1454/1675
f 1119/2687/1673 336/1454/1675 728/2238/1676
f 1119/2687/1673 728/2238/1676 727/2237/1677
f 1119/2687/1673 727/2237/1677 335/1453/1674
f 1120/2688/1678 336/1455/1679 337/1456/1680
f 1120/2688/1678 337/1456/1680 729/2240/1681
f 1120/2688/1678 729/2240/1681 728/2239/1682
f 1120/2688/1678 728/2239/1682 336/1455/1679
f 1121/2689/1683 337/1457/1684 338/1458/1685
f 1121/2689/1683 338/1458/1685 730/2242/1686
f 1121/2689/1683 730/2242/1686 729/2241/1687
f 1121/2689/1683 729/2241/1687 337/1457/1684
f 1122/2690/1688 338/1459/1689 339/1460/1690
f 1122/2690/1688 339/1460/1690 731/2244/1691
f 1122/2690/1688 731/2244/1691 730/2243/1692
f 1122/2690/1688 730/2243/1692 338/1459/1689
f 1123/2691/1693 339/1461/1694 340/1462/1695
f 1123/2691/1693 340/1462/1695 732/2246/1696
f 1123/2691/1693 732/2246/1696 731/2245/1697
f 1123/2691/1693 731/2245/1697 339/1461/1694
f 1124/2692/1698 340/1463/1699 341/1464/1700
f 1124/2692/1698 341/1464/1700 733/2248/1701
f 1124/2692/1698 733/2248/1701 732/2247/1702
f 1124/2692/1698 732/2247/1702 340/1463/1699
f 1125/2693/1703 341/1465/1704 342/1466/1705
f 1125/2693/1703 342/1466/1705 734/2250/1706
f 1125/2693/1703 734/2250/1706 733/2249/1707
f 1125/2693/1703 733/2249/1707 341/1465/1704
f 1126/2694/1708 342/1467/1709 343/1468/1710
f 1126/2694/1708 343/1468/1710 735/2252/1711
f 1126/2694/1708 735/2252/1711 734/2251/1712
f 1126/2694/1708 734/2251/1712 342/1467/1709
f 1127/2695/1713 343/1469/1714 344/1470/1715
f 1127/2695/1713 344/1470/1715 736/2254/1716
f 1127/2695/1713 736/2254/1716 735/2253/1717
f 1127/2695/1713 735/2253/1717 343/1469/1714
f 1128/2696/1718 344/1471/1719 345/1472/1720
f 1128/2696/1718 345/1472/1720 737/2256/1721
f 1128/2696/1718 737/2256/1721 736/2255/1722
f 1128/2696/1718 736/2255/1722 344/1471/1719
f 1129/2697/1723 345/1473/1724 346/1474/1725
f 1129/2697/1723 346/1474/1725 738/2258/1726
f 1129/2697/1723 738/2258/1726 737/2257/1727
f 1129/2697/1723 737/2257/1727 345/1473/1724
f 1130/2698/1728 346/1475/1729 347/1476/1730
f 1130/2698/1728 347/1476/1730 739/2260/1731
f 1130/2698/1728 739/2260/1731 738/2259/1732
f 1130/2698/1728 738/2259/1732 346/1475/1729
f 1131/2699/1733 347/1477/1734 348/1478/1735
f 1131/2699/1733 348/1478/1735 740/2262/1736
f 1131/2699/1733 740/2262/1736 739/2261/1737
f 1131/2699/1733 739/2261/1737 347/1477/1734
f 1132/2700/1738 348/1479/1739 349/1480/1740
f 1132/2700/1738 349/1480/1740 741/2264/1741
f 1132/2700/1738 741/2264/1741 740/2263/1742
f 1132/2700/1738 740/2263/1742 348/1479/1739
f 1133/2701/1743 349/1481/1744 350/1482/1745
f 1133/2701/1743 350/1482/1745 742/2266/1746
f 1133/2701/1743 742/2266/1746 741/2265/1747
f 1133/2701/1743 741/2265/1747 349/1481/1744
f 1134/2702/1748 350/1483/1749 351/1484/1750
f 1134/2702/1748 351/1484/1750 743/2268/1751
f 1134/2702/1748 743/2268/1751 742/2267/1752
f 1134/2702/1748 742/2267/1752 350/1483/1749
f 1135/2703/1753 351/1485/1754 352/1486/1755
f 1135/2703/1753 352/1486/1755 744/2270/1756
f 1135/2703/1753 744/2270/1756 743/2269/1757
f 1135/2703/1753 743/2269/1757 351/1485/1754
f 1136/2704/1758 352/1487/1759 353/1488/1760
f 1136/2704/1758 353/1488/1760 745/2272/1761
f 1136/2704/1758 745/2272/1761 744/2271/1762
f 1136/2704/1758 744/2271/1762 352/1487/1759
f 1137/2705/1763 353/1489/1764 354/1490/1765
f 1137/2705/1763 354/1490/1765 746/2274/1766
f 1137/2705/1763 746/2274/1766 745/2273/1767
f 1137/2705/1763 745/2273/1767 353/1489/1764
f 1138/2706/1768 354/1491/1769 355/1492/1770
f 1138/2706/1768 355/1492/1770 747/2276/1771
f 1138/2706/1768 747/2276/1771 746/2275/1772
f 1138/2706/1768 746/2275/1772 354/1491/1769
f 1139/2707/1773 355/1493/1774 356/1494/1775
f 1139/2707/1773 356/1494/1775 748/2278/1776
f 1139/2707/1773 748/2278/1776 747/2277/1777
f 1139/2707/1773 747/2277/1777 355/1493/1774
f 1140/2708/1778 356/1495/1779 357/1496/1780
f 1140/2708/1778 357/1496/1780 749/2280/1781
f 1140/2708/1778 749/2280/1781 748/2279/1782
f 1140/2708/1778 748/2279/1782 356/1495/1779
f 1141/2709/1783 357/1497/1784 358/1498/1785
f 1141/2709/1783 358/1498/1785 750/2282/1786
f 1141/2709/1783 750/2282/1786 749/2281/1787
f 1141/2709/1783 749/2281/1787 357/1497/1784
f 1142/2710/1788 358/1499/1789 359/1500/1790
f 1142/2710/1788 359/1500/1790 751/2284/1791
f 1142/2710/1788 751/2284/1791 750/2283/1792
f 1142/2710/1788 750/2283/1792 358/1499/1789
f 1143/2711/1793 359/1501/1794 360/1502/1795
f 1143/2711/1793 360/1502/1795 752/2286/1796
f 1143/2711/1793 752/2286/1796 751/2285/1797
f 1143/2711/1793 751/2285/1797 359/1501/1794
f 1144/2712/1798 360/1503/1799 361/1504/1800
f 1144/2712/1798 361/1504/1800 753/2288/1801
f 1144/2712/1798 753/2288/1801 752/2287/1802
f 1144/2712/1798 752/2287/1802 360/1503/1799
f 1145/2713/1803 361/1505/1804 362/1506/1805
f 1145/2713/1803 362/1506/1805 754/2290/1806
f 1145/2713/1803 754/2290/1806 753/2289/1807
f 1145/2713/1803 753/2289/1807 361/1505/1804
f 1146/2714/1808 362/1507/1809 363/1508/1810
f 1146/2714/1808 363/1508/1810 755/2292/1811
f 1146/2714/1808 755/2292/1811 754/2291/1812
f 1146/2714/1808 754/2291/1812 362/1507/1809
f 1147/2715/1813 363/1509/1814 364/1510/1815
f 1147/2715/1813 364/1510/1815 756/2294/1816
f 1147/2715/1813 756/2294/1816 755/2293/1817
f 1147/2715/1813 755/2293/1817 363/1509/1814
f 1148/2716/1818 364/1511/1819 365/1512/1820
f 1148/2716/1818 365/1512/1820 757/2296/1821
f 1148/2716/1818 757/2296/1821 756/2295/1822
f 1148/2716/1818 756/2295/1822 364/1511/1819
f 1149/2717/1823 365/1513/1824 366/1514/1825
f 1149/2717/1823 366/1514/1825 758/2298/1826
f 1149/2717/1823 758/2298/1826 757/2297/1827
f 1149/2717/1823 757/2297/1827 365/1513/1824
f 1150/2718/1828 366/1515/1829 367/1516/1830
f 1150/2718/1828 367/1516/1830 759/2300/1831
f 1150/2718/1828 759/2300/1831 758/2299/1832
f 1150/2718/1828 758/2299/1832 366/1515/1829
f 1151/2719/1833 367/1517/1834 368/1518/1835
f 1151/2719/1833 368/1518/1835 760/2302/1836
f 1151/2719/1833 760/2302/1836 759/2301/1837
f 1151/2719/1833 759/2301/1837 367/1517/1834
f 1152/2720/1838 368/1519/1839 369/1520/1840
f 1152/2720/1838 369/1520/1840 761/2304/1841
f 1152/2720/1838 761/2304/1841 760/2303/1842
f 1152/2720/1838 760/2303/1842 368/1519/1839
f 1153/2721/1843 369/1521/1844 370/1522/1845
f 1153/2721/1843 370/1522/1845 762/2306/1846
f 1153/2721/1843 762/2306/1846 761/2305/1847
f 1153/2721/1843 761/2305/1847 369/1521/1844
f 1154/2722/1848 370/1523/1849 371/1524/1850
f 1154/2722/1848 371/1524/1850 763/2308/1851
f 1154/2722/1848 763/2308/1851 762/2307/1852
f 1154/2722/1848 762/2307/1852 370/1523/1849
f 1155/2723/1853 371/1525/1854 372/1526/1855
f 1155/2723/1853 372/1526/1855 764/2310/1856
f 1155/2723/1853 764/2310/1856 763/2309/1857
f 1155/2723/1853 763/2309/1857 371/1525/1854
f 1156/2724/1858 372/1527/1859 373/1528/1860
f 1156/2724/1858 373/1528/1860 765/2312/1861
f 1156/2724/1858 765/2312/1861 764/2311/1862
f 1156/2724/1858 764/2311/1862 372/1527/1859
f 1157/2725/1863 373/1529/1864 374/1530/1865
f 1157/2725/1863 374/1530/1865 766/2314/1866
f 1157/2725/1863 766/2314/1866 765/2313/1867
f 1157/2725/1863 765/2313/1867 373/1529/1864
f 1158/2726/1868 374/1531/1869 375/1532/1870
f 1158/2726/1868 375/1532/1870 767/2316/1871
f 1158/2726/1868 767/2316/1871 766/2315/1872
f 1158/2726/1868 766/2315/1872 374/1531/1869
f 1159/2727/1873 375/1533/1874 376/1534/1875
f 1159/2727/1873 376/1534/1875 768/2318/1876
f 1159/2727/1873 768/2318/1876 767/2317/1877
f 1159/2727/1873 767/2317/1877 375/1533/1874
f 1160/2728/1878 376/1535/1879 377/1536/1880
f 1160/2728/1878 377/1536/1880 769/2320/1881
f 1160/2728/1878 769/2320/1881 768/2319/1882
f 1160/2728/1878 768/2319/1882 376/1535/1879
f 1161/2729/1883 377/1537/1884 378/1538/1885
f 1161/2729/1883 378/1538/1885 770/2322/1886
f 1161/2729/1883 770/2322/1886 769/2321/1887
f 1161/2729/1883 769/2321/1887 377/1537/1884
f 1162/2730/1888 378/1539/1889 379/1540/1890
f 1162/2730/1888 379/1540/1890 771/2324/1891
f 1162/2730/1888 771/2324/1891 770/2323/1892
f 1162/2730/1888 770/2323/1892 378/1539/1889
f 1163/2731/1893 379/1541/1894 380/1542/1895
f 1163/2731/1893 380/1542/1895 772/2326/1896
f 1163/2731/1893 772/2326/1896 771/2325/1897
f 1163/2731/1893 771/2325/1897 379/1541/1894
f 1164/2732/1898 380/1543/1899 381/1544/1900
f 1164/2732/1898 381/1544/1900 773/2328/1901
f 1164/2732/1898 773/2328/1901 772/2327/1902
f 1164/2732/1898 772/2327/1902 380/1543/1899
f 1165/2733/1903 381/1545/1904 382/1546/1905
f 1165/2733/1903 382/1546/1905 774/2330/1906
f 1165/2733/1903 774/2330/1906 773/2329/1907
f 1165/2733/1903 773/2329/1907 381/1545/1904
f 1166/2734/1908 382/1547/1909 383/1548/1910
f 1166/2734/1908 383/1548/1910 775/2332/1911
f 1166/2734/1908 775/2332/1911 774/2331/1912
f 1166/2734/1908 774/2331/1912 382/1547/1909
f 1167/2735/1913 383/1549/1914 384/1550/1915
f 1167/2735/1913 384/1550/1915 776/2334/1916
f 1167/2735/1913 776/2334/1916 775/2333/1917
f 1167/2735/1913 775/2333/1917 383/1549/1914
f 1168/2736/1918 384/1551/1919 385/1552/1920
f 1168/2736/1918 385/1552/1920 777/2336/1921
f 1168/2736/1918 777/2336/1921 776/2335/1922
f 1168/2736/1918 776/2335/1922 384/1551/1919
f 1169/2737/1923 385/1553/1924 386/1554/1925
f 1169/2737/1923 386/1554/1925 778/2338/1926
f 1169/2737/1923 778/2338/1926 777/2337/1927
f 1169/2737/1923 777/2337/1927 385/1553/1924
f 1170/2738/1928 386/1555/1929 387/1556/1930
f 1170/2738/1928 387/1556/1930 779/2340/1931
f 1170/2738/1928 779/2340/1931 778/2339/1932
f 1170/2738/1928 778/2339/1932 386/1555/1929
f 1171/2739/1933 387/1557/1934 388/1558/1935
f 1171/2739/1933 388/1558/1935 780/2342/1936
f 1171/2739/1933 780/2342/1936 779/2341/1937
f 1171/2739/1933 779/2341/1937 387/1557/1934
f 1172/2740/1938 388/1559/1939 389/1560/1940
f 1172/2740/1938 389/1560/1940 781/2344/1941
f 1172/2740/1938 781/2344/1941 780/2343/1942
f 1172/2740/1938 780/2343/1942 388/1559/1939
f 1173/2741/1943 389/1561/1944 390/1562/1945
f 1173/2741/1943 390/1562/1945 782/2346/1946
f 1173/2741/1943 782/2346/1946 781/2345/1947
f 1173/2741/1943 781/2345/1947 389/1561/1944
f 1174/2742/1948 390/1563/1949 391/1564/1950
f 1174/2742/1948 391/1564/1950 783/2348/1951
f 1174/2742/1948 783/2348/1951 782/2347/1952
f 1174/2742/1948 782/2347/1952 390/1563/1949
f 1175/2743/1953 391/1565/1954 392/1566/1955
f 1175/2743/1953 392/1566/1955 784/2350/1956
f 1175/2743/1953 784/2350/1956 783/2349/1957
f 1175/2743/1953 783/2349/1957 391/1565/1954
f 1176/2744/1958 392/1567/1959 1/1568/1960
f 1176/2744/1958 1/1568/1960 393/2352/1961
f 1176/2744/1958 393/2352/1961 784/2351/1962
f 1176/2744/1958 784/2351/1962 392/1567/1959
